uic;nom;pays;lat;lon;uopid_rinf;note
87686006;Paris-Gare-de-Lyon;FR;;;;
87391003;Paris-Montparnasse;FR;48.8412;2.3203;;Absente du jeu SNCF liste-des-gares : coordonnées saisies à la main, code UIC à vérifier
87113001;Paris-Est;FR;;;;
87271007;Paris-Nord;FR;;;;
87547000;Paris-Austerlitz;FR;;;;
87723197;Lyon-Part-Dieu;FR;;;;
87581009;Bordeaux-St-Jean;FR;;;;
87223263;Lille-Europe;FR;;;;
87286005;Lille-Flandres;FR;;;;
87751008;Marseille-St-Charles;FR;;;;
87212027;Strasbourg-Ville;FR;;;;
87471003;Rennes;FR;;;;
87481002;Nantes;FR;;;;
87773002;Montpellier-St-Roch;FR;;;;
87756056;Nice-Ville;FR;;;;
87611004;Toulouse-Matabiau;FR;;;;
87192039;Metz-Ville;FR;;;;
87141002;Nancy-Ville;FR;;;;
87713040;Dijon-Ville;FR;;;;
87474007;Brest;FR;;;;
87182063;Mulhouse-Ville;FR;;;;
