nom;uopid_rinf;uic;lat;lon
A Coruña;ES31412;;43.3529;-8.4095
Alacant Terminal;ES60911;;38.3446;-0.4955
Alar del Rey;ES14112;;42.6569;-4.3114
Albacete-Los Llanos;ES60600;;38.9998;-1.8482
Alcázar de San Juan;ES60400;;39.396;-3.2054
Algeciras;ES55020;;36.1265;-5.449
Algodor;ES37100;;39.9142;-3.863
Alhondiguilla-Villaviciosa;ES00010;;38.1196;-4.9499
Aljucén;ES37600;;38.9364;-6.4079
Almería;ES56312;;36.8347;-2.4561
Almorchón;ES37400;;38.6966;-5.2904
Altsasu;ES11300;;42.8949;-2.1812
Antequera AV;ES02030;;37.02817;-4.5612
Antequera-Santa Ana;ES02003;;37.0714;-4.7202
Aranda de Duero;ES17200;;41.6687;-3.6968
Aranjuez;ES60200;;40.0349;-3.6183
Arenys de Mar;ES79600;;41.5776;2.5494
Ariza;ES70500;;41.3096;-2.0596
Arroyo de la Herrera;ES03500;;39.94742;-6.18768
Astorga;ES20100;;42.4594;-6.0472
Ayerbe;ES74204;;42.2756;-0.6826
Badajoz;ES37606;;38.8907;-6.9817
Barcelona Estació de França;ES79400;;41.3844;2.1853
Barcelona Sants;ES71801;;41.379;2.1398
Benicarló-Peñíscola;ES65311;;40.4277;0.4151
Beniel;ES62001;;38.0448;-0.9995
Betanzos-Infesta;ES20400;;43.2707;-8.2258
Bif. Angueira;ESB2302;;42.7958;-8.6401
Bif. Aranda;;;;
Bif. Casa de la Torre;ESB3503;;39.51558;-6.43005
Bif. Casetas;;;;
Bif. El Chaparral;ESB3500;;39.95325;-6.14898
Bif. El Palmeral;ESB3502;;39.53157;-6.44328
Bif. Huelva;;;;
Bif. La Boella;;;;
Bif. La Granja;;;;
Bif. La Isla;ESB3750;;38.91384;-6.47345
Bif. Levante;;;;
Bif. Levante 2;;;;
Bif. León ouest;;;;
Bif. Medina;ESB0740;;41.2735;-4.6808
Bif. Mirabel est;;;;
Bif. Motilla;;;;
Bif. Pajares;ESB0820;;42.77361;-5.64222
Bif. Pontevedra-Vigo;;;;
Bif. Romanos;ESB3600;;39.42212;-6.39976
Bif. San Esteban;ESB3501;;39.9726;-6.15042
Bif. San Nicolás;ESB3760;;38.93226;-6.84005
Bif. Sevilla nord;;;;
Bif. Toledo;;;;
Bif. Utrera;ESB5103;;37.2101;-5.8187
Bif. Valencia sud;;;;
Bif. Venta de Baños;ESB0814;;41.92474;-4.48585
Bif. Vilagarcía sud;;;;
Bilbao Abando Indalecio Prieto;ES13200;;43.2606;-2.9276
Bobadilla;ES54400;;37.0376;-4.7277
Burgos Rosa Manzano;ES11014;;42.3709;-3.6662
Bárcena;ES14206;;43.1287;-4.0535
Calatayud;ES70600;;41.3467;-1.6386
Calañas;ES42015;;37.652;-6.8765
Caldes de Malavella;ES79203;;41.8411;2.8007
Cambrils;ES65422;;41.07927;1.04383
Camp de Tarragona;ES04104;;41.1921;1.2719
Campomanes AV;ES08207;;43.11333;-5.82222
Canfranc;ES74217;;42.7513;-0.5143
Cartagena;ES61307;;37.605;-0.975
Casetas;ES70800;;41.7226;-1.0203
Castejón de Ebro;ES81200;;42.1728;-1.6924
Castelló de la Plana;ES65300;;39.9883;-0.0523
Castillejo-Añover;ES60202;;39.9496;-3.7384
Caudiel;ES67211;;39.9473;-0.572
Cercedilla;ES12006;;40.7375;-4.0665
Chinchilla de Montearagón;ES60701;;38.9037;-1.6946
Ciudad Real;ES37200;;38.9851;-3.9133
Ciudad Real Miguérez;;;;
Colmenar Viejo;ES17005;;40.6452;-3.7766
Cuenca;;;;
Cuenca Fernando Zóbel;ES03208;;40.033;-2.1414
Cullera;ES69104;;39.1778;-0.2633
Cáceres;ES35400;;39.4612;-6.3857
Cádiz;ES51405;;36.5294;-6.2885
Córdoba;ES50500;;37.8885;-4.7895
Donostia-San Sebastián;ES11511;;43.3177;-1.9769
Dos Hermanas;ES51103;;37.2872;-5.9235
Doña María Ocaña;ES56303;;37.1437;-2.6911
El Reguerón;ES61210;;37.98744;-1.07207
Elche AV;ES03410;;38.24421;-0.76822
Espelúy;ES50400;;38.0101;-3.8323
Ferrol;ES21010;;43.488;-8.231
Figueres;ES79309;;42.2651;2.9688
Figueres-Vilafant;ES04307;;42.2646;2.943
Flaçà;ES79303;;42.0474;2.9574
Fregenal de la Sierra;ES42005;;38.1677;-6.6378
Frontière LFP;;;;
Fuengirola;ES54516;;36.5418;-4.624
Fuente de Piedra;ES54301;;37.1353;-4.738
Fuentes de Oñoro;ES33016;;40.5985;-6.8246
Gandia;ES69110;;38.9703;-0.18
Girona;ES79300;;41.9794;2.817
Granada;ES05000;;37.184;-3.6091
Guadalajara;ES70200;;40.6441;-3.1822
Guadalajara-Yebes;ES04007;;40.5865;-3.1265
Guillarei;ES22200;;42.0657;-8.6225
Gérgal;ES56305;;37.1089;-2.5915
Hernani;ES11508;;43.2725;-1.9637
Huelva;ES43019;;37.253;-6.951
Huesca;ES74200;;42.1333;-0.4098
Humanes;ES35012;;40.2557;-3.8286
Huéneja-Dólar;ES56300;;37.2215;-2.9491
Irun;ES11600;;43.3395;-1.8013
Jaén;ES03100;;37.7799;-3.7908
Jerez de la Frontera;ES51300;;36.68;-6.1265
Jerez de los Caballeros;ES41004;;38.3223;-6.7837
L'Aldea-Amposta-Tortosa;ES65402;;40.7535;0.6143
L'Ametlla de Mar;ES65405;;40.8862;0.8004
La Cartuja;ES71101;;41.6008;-0.8198
La Encina;ES60900;;38.7654;-0.9543
La Robla;ES15106;;42.804;-5.6264
La Robla AV;ES08208;;42.79028;-5.63889
La Sagra;ES37113;;39.9828;-3.8378
La Tour de Carol;;;;
Lebrija;ES51203;;36.9299;-6.0865
León;ES15100;;42.5932;-5.5808
Linares-Baeza;ES50300;;38.0691;-3.5893
Llançà;ES79312;;42.3667;3.1491
Lleida Pirineus;ES78400;;41.6209;0.6328
Llerena;ES40105;;38.2377;-6.0098
Logroño;ES81100;;42.4577;-2.4409
Loja;ES05012;;37.1751;-4.135
Lora del Río;ES50600;;37.6611;-5.531
Lorca-Sutullena;ES06006;;37.6721;-1.6963
Los Rosales;ES50700;;37.5898;-5.7252
Lugo;ES20309;;43.0151;-7.5521
Madrid Atocha Cercanías;ES18000;;40.4061;-3.6891
Madrid Chamartín;ES17000;;40.4742;-3.6815
Madrid Puerta de Atocha;ES60000;;40.4063;-3.6906
Magaz;ES11004;;41.97468;-4.43331
Manresa;ES78600;;41.7204;1.8265
Manzanares;ES50100;;39.0058;-3.3705
Masadas Blancas;ES67210;;39.9647;-0.6368
Maçanet-Massanes;ES79200;;41.7716;2.6733
Medina del Campo;ES10500;;41.3173;-4.9096
Medina del Campo AV;;7108240;41.3174590;-4.9100710
Mirabel;ES35301;;39.8662;-6.2289
Mirabueno;ES00018;;37.9149;-4.7734
Miraflores;ES71100;;41.6324;-0.8668
Miranda de Ebro;ES11200;;42.6908;-2.9411
Moixent;ES64003;;38.8776;-0.7537
Mollet-Sant Fost;ES79006;;41.5335;2.2177
Monforte de Lemos;ES20300;;42.5296;-7.5035
Monfragüe;ES30000;;39.9375;-6.1011
Montijo;ES37603;;38.9135;-6.5986
Mora de Rubielos;ES67206;;40.1179;-0.7734
Mora la Nova;ES71300;;41.1065;0.6532
Moreda;ES56100;;37.4311;-3.3105
Murcia Mercancías;ES61101;;37.9696;-1.195
Murcia del Carmen;ES61200;;37.9748;-1.1316
Málaga Centro Alameda;ES54517;;36.7153;-4.4268
Málaga María Zambrano;ES54413;;36.7115;-4.4324
Mérida;ES37500;;38.9214;-6.3431
Orduña;ES13100;;42.9946;-3.0158
Orihuela-Miguel Hernández;ES62002;;38.0779;-0.9445
Osuna;ES01007;;37.2338;-5.1148
Ourense;ES22100;;42.3503;-7.8728
Oviedo;ES15211;;43.3663;-5.8549
Palencia;ES14100;;42.0157;-4.534
Pamplona/Iruña;ES80100;;42.825;-1.6614
Pedralba;ES31201;;42.0272;-6.6967
Pedrera;ES01009;;37.2224;-4.8937
Plana-Picamoixons;ES73100;;41.3061;1.1949
Plasencia;ES30002;;40.0222;-6.0995
Pola de Lena;ES15122;;43.1587;-5.831
Ponferrada;ES20200;;42.5454;-6.6023
Pontevedra;ES23004;;42.4216;-8.6359
Portbou;ES79315;;42.4247;3.158
Puebla de Sanabria;ES31200;;42.0456;-6.6267
Puente Genil-Herrera;ES02002;;37.3597;-4.8223
Puertollano;ES37700;7137300;38.6914;-4.1127
Redondela;ES22300;;42.286;-8.6194
Reinosa;ES14202;;42.9948;-4.1405
Requena-Utiel;ES03213;;39.5237;-1.1384
Reus;ES71400;;41.1605;1.1001
Ricla;ES70700;;41.5015;-1.4028
Ripoll;ES77200;;42.196;2.1959
Ronda;ES55007;;36.7484;-5.162
Sagunt;ES65200;;39.6758;-0.2716
Salamanca;ES30100;;40.9719;-5.6485
Sanabria AV;;7108247;42.0450532;-6.5631319
Sant Vicenç de Calders;ES71600;;41.1862;1.5247
Santa Cruz de Mudela;ES50200;;38.6446;-3.4515
Santander;ES14223;;43.4592;-3.8115
Santiago de Compostela;ES31400;;42.8708;-8.5447
Segovia;ES12100;;40.9342;-4.1135
Segovia-Guiomar;ES08004;;40.9102;-4.0949
Sevilla Santa Justa;ES51003;;37.3924;-5.9748
Silla;ES64200;;39.3618;-0.415
Sils;ES79202;;41.8076;2.745
Soria;ES82100;;41.7552;-2.4755
Taboadela;ES31214;;42.2654;-7.8318
Tardienta;ES78200;;41.9758;-0.5383
Tarragona;ES71500;;41.1115;1.2532
Teruel;ES67200;;40.341;-1.1103
Toledo;ES92102;;39.8624;-4.0112
Toral de los Vados;ES20204;;42.5411;-6.7766
Torelló;ES77111;;42.052;2.26
Torneros;ES15017;;42.5173;-5.5599
Torralba;ES70400;;41.1363;-2.493
Tortosa;ES65400;;40.8072;0.523
Tudela de Navarra;ES81202;;42.0594;-1.5978
Utrera;ES51200;;37.1834;-5.79
Vadollano;ES50209;;38.1356;-3.5579
Valencia S.I.;ES66212;;39.4527;-0.4059
Valencia de Alcántara;ES35406;;39.4269;-7.2307
Valladolid Campo Grande;ES10600;;41.6422;-4.727
València Estació del Nord;ES65000;;39.4661;-0.3775
València Joaquín Sorolla;ES03216;;39.4599;-0.3823
Venta de Baños;ES11000;;41.91528;-4.49707
Vic;ES77109;;41.931;2.2488
Vigo Guixar;ES22308;;42.2403;-8.7113
Vigo Urzáiz;ES08223;;42.2344;-8.7134
Vilagarcía de Arousa;ES23008;;42.602;-8.7623
Villalba de Guadarrama;ES10200;;40.6265;-4.0081
Villaluenga-Yuncler;ES35100;;40.0323;-3.9024
Villanueva de Córdoba-Los Pedroches;ES37704;;38.2554;-4.5711
Villena;ES60902;;38.6318;-0.8677
Vinaròs;ES65312;;40.4716;0.4557
Vitoria-Gasteiz;ES11208;;42.8415;-2.6726
Xirivella-L'Alter;ES69200;;39.4637;-0.4209
Xàtiva;ES64100;;38.9922;-0.5246
Zafra;ES40100;;38.4139;-6.4054
Zamora;ES30200;;41.5159;-5.7397
Zaragoza Delicias;ES04040;;41.6587;-0.9108
Zuera;ES78100;;41.8772;-0.7641
Águilas;ES07004;;37.4098;-1.5725
Ávila;ES10400;;40.6572;-4.6833
Gijón;ES15410;;43.5377;-5.6758
Salou-Port Aventura;ES65411;;41.0885;1.146
