arret_montee_iata;arret_montee_uic;arret_descente_iata;arret_descente_uic
FRABA;87713040;FRABG;87718007
FRABA;87713040;FRACE;87713412
FRABA;87713040;FRADE;87192039
FRABA;87713040;FRAEG;87212027
FRABA;87713040;FRAEJ;87182014
FRABA;87713040;FRAEK;87182063
FRABA;87713040;FRAIE;87319012
FRABA;87713040;FRAVG;87318964
FRABA;87713040;FRBPA;87191973
FRABA;87713040;FRBZR;87781005
FRABA;87713040;FRENC;87141002
FRABA;87713040;FRFNI;87775007
FRABA;87713040;FRFRA;87715136
FRABA;87713040;FRGWE;87713131
FRABA;87713040;FRHGU;87725689
FRABA;87713040;FRJCA;87757625
FRABA;87713040;FRLPD;87723197
FRABA;87713040;FRLPE;87722025
FRABA;87713040;FRMCD;87718833
FRABA;87713040;FRMPL;87773002
FRABA;87713040;FRMSC;87751008
FRABA;87713040;FRNIC;87756056
FRABA;87713040;FRPGF;87784009
FRABA;87713040;FRPLY;87686006
FRABA;87713040;FRSTJ;87187930
FRABA;87713040;FRTJA;87300822
FRABA;87713040;FRTJB;87300863
FRABA;87713040;FRTLN;87755009
FRABA;87713040;FRVLA;87763029
FRABA;87713040;FRXAT;87757674
FRABA;87713040;FRXBV;87713545
FRABA;87713040;FRXCD;87725002
FRABA;87713040;FRXNA;87781104
FRABA;87713040;FRXRS;87755447
FRABA;87713040;FRXSK;87757526
FRABA;87713040;FRXSY;87773200
FRABA;87713040;FRXTH;87191007
FRABG;87718007;FRABA;87713040
FRABG;87718007;FRACE;87713412
FRABG;87718007;FRGWE;87713131
FRABG;87718007;FRPLY;87686006
FRABG;87718007;FRTJB;87300863
FRACE;87713412;FRABA;87713040
FRACE;87713412;FRABG;87718007
FRACE;87713412;FRFRA;87715136
FRACE;87713412;FRGWE;87713131
FRACE;87713412;FRMCD;87718833
FRACE;87713412;FRPLY;87686006
FRACG;87673202;FRAEE;87672006
FRACG;87673202;FRAEF;87677005
FRACG;87673202;FRBIQ;87673400
FRACG;87673202;FRBOJ;87581009
FRACG;87673202;FRDJU;87393702
FRACG;87673202;FRGFI;87672253
FRACG;87673202;FRLDE;87671339
FRACG;87673202;FRPMO;87391003
FRACG;87673202;FRXBY;87673004
FRACG;87673202;FRXJZ;87677120
FRACG;87673202;FRXTB;87671008
FRACL;87484006;FRACN;87487603
FRACL;87484006;FRAEG;87212027
FRACL;87484006;FRAET;87396002
FRACL;87484006;FRAVG;87318964
FRACL;87484006;FRCMF;87741009
FRACL;87484006;FRDJU;87393702
FRACL;87484006;FREAH;87171926
FRACL;87484006;FREAM;87142109
FRACL;87484006;FREFN;87481192
FRACL;87484006;FREGR;87481747
FRACL;87484006;FREGS;87481762
FRACL;87484006;FREGU;87481788
FRACL;87484006;FRHPG;87741777
FRACL;87484006;FRJEE;87481754
FRACL;87484006;FRLLE;87223263
FRACL;87484006;FRLPD;87723197
FRACL;87484006;FRLPE;87722025
FRACL;87484006;FRLSO;87486449
FRACL;87484006;FRMLV;87111849
FRACL;87484006;FRMLW;87271494
FRACL;87484006;FRMSC;87751008
FRACL;87484006;FRNTE;87481002
FRACL;87484006;FRPMO;87391003
FRACL;87484006;FRQAI;87741769
FRACL;87484006;FRQBM;87741793
FRACL;87484006;FRQMU;87741728
FRACL;87484006;FRSAB;87396408
FRACL;87484006;FRSNR;87481705
FRACL;87484006;FRSUF;87688887
FRACL;87484006;FRTHP;87313882
FRACL;87484006;FRVLA;87763029
FRACL;87484006;FRWNH;87218156
FRACL;87484006;FRXAV;87741645
FRACL;87484006;FRXRO;87486019
FRACL;87484006;FRXSH;87571240
FRACL;87484006;FRXZP;87703975
FRACN;87487603;FRACL;87484006
FRACN;87487603;FRAVG;87318964
FRACN;87487603;FRDJU;87393702
FRACN;87487603;FRLPD;87723197
FRACN;87487603;FRLPE;87722025
FRACN;87487603;FRMSC;87751008
FRACN;87487603;FRNTE;87481002
FRACN;87487603;FRSUF;87688887
FRACN;87487603;FRVLA;87763029
FRACN;87487603;FRXSH;87571240
FRACN;87487603;FRXZP;87703975
FRACR;87478404;FRAEG;87212027
FRACR;87478404;FRAET;87396002
FRACR;87478404;FRBES;87474007
FRACR;87478404;FRDJU;87393702
FRACR;87478404;FRDOL;87478073
FRACR;87478404;FREAH;87171926
FRACR;87478404;FREAM;87142109
FRACR;87478404;FRECO;87476317
FRACR;87478404;FRFNI;87775007
FRACR;87478404;FRGGP;87473207
FRACR;87478404;FRLAM;87473108
FRACR;87478404;FRLLE;87223263
FRACR;87478404;FRLPD;87723197
FRACR;87478404;FRLRT;87476002
FRACR;87478404;FRMLV;87111849
FRACR;87478404;FRMLW;87271494
FRACR;87478404;FRMPL;87773002
FRACR;87478404;FRMXN;87474338
FRACR;87478404;FRPMO;87391003
FRACR;87478404;FRRNS;87471003
FRACR;87478404;FRRSP;87474155
FRACR;87478404;FRSBK;87473009
FRACR;87478404;FRTHP;87313882
FRACR;87478404;FRUIP;87474098
FRACR;87478404;FRVLA;87763029
FRACR;87478404;FRVNE;87476606
FRACR;87478404;FRWNH;87218156
FRACR;87478404;FRXRN;87471300
FRACR;87478404;FRXSB;87478107
FRACR;87478404;FRXUY;87476200
FRACR;87478404;FRXVT;87471508
FRADE;87192039;FRABA;87713040
FRADE;87192039;FRAEG;87212027
FRADE;87192039;FRAEJ;87182014
FRADE;87192039;FRAEK;87182063
FRADE;87192039;FRAIE;87319012
FRADE;87192039;FRAVG;87318964
FRADE;87192039;FRBPA;87191973
FRADE;87192039;FREAH;87171926
FRADE;87192039;FREAJ;87147322
FRADE;87192039;FRFNI;87775007
FRADE;87192039;FRHGU;87725689
FRADE;87192039;FRLPD;87723197
FRADE;87192039;FRMPL;87773002
FRADE;87192039;FRMSC;87751008
FRADE;87192039;FRPST;87113001
FRADE;87192039;FRSBG;87215012
FRADE;87192039;FRSNE;87212225
FRADE;87192039;FRTJA;87300822
FRADE;87192039;FRTJB;87300863
FRADE;87192039;FRVLA;87763029
FRADE;87192039;FRXCD;87725002
FRADE;87192039;FRXTH;87191007
FRADI;87281006;FRHZK;87286302
FRADI;87281006;FRLLE;87223263
FRADI;87281006;FRPNO;87271007
FRADI;87281006;FRQAM;87313874
FRADI;87281006;FRQRV;87342014
FRADI;87281006;FRXBH;87342006
FRADI;87281006;FRXLE;87345025
FRADJ;87286005;FRACL;87484006
FRADJ;87286005;FRADM;87286542
FRADJ;87286005;FRADP;87286732
FRADJ;87286005;FRAIE;87319012
FRADJ;87286005;FRANG;87583005
FRADJ;87286005;FRAVG;87318964
FRADJ;87286005;FRBOJ;87581009
FRADJ;87286005;FRCKH;87286716
FRADJ;87286005;FRCMF;87741009
FRADJ;87286005;FRDJU;87393702
FRADJ;87286005;FRHPG;87741777
FRADJ;87286005;FRJDQ;87762906
FRADJ;87286005;FRLPD;87723197
FRADJ;87286005;FRLPE;87722025
FRADJ;87286005;FRMLV;87111849
FRADJ;87286005;FRMLW;87271494
FRADJ;87286005;FRMSC;87751008
FRADJ;87286005;FRNTE;87481002
FRADJ;87286005;FRPIS;87575001
FRADJ;87286005;FRPNO;87271007
FRADJ;87286005;FRQAI;87741769
FRADJ;87286005;FRQBM;87741793
FRADJ;87286005;FRQMU;87741728
FRADJ;87286005;FRQRV;87342014
FRADJ;87286005;FRTHP;87313882
FRADJ;87286005;FRVLA;87763029
FRADJ;87286005;FRXAV;87741645
FRADJ;87286005;FRXDN;87345009
FRADJ;87286005;FRXSH;87571240
FRADM;87286542;FRADJ;87286005
FRADM;87286542;FRADP;87286732
FRADM;87286542;FRANG;87583005
FRADM;87286542;FRBOJ;87581009
FRADM;87286542;FRCKH;87286716
FRADM;87286542;FRDJU;87393702
FRADM;87286542;FRLPD;87723197
FRADM;87286542;FRMLV;87111849
FRADM;87286542;FRMLW;87271494
FRADM;87286542;FRPIS;87575001
FRADM;87286542;FRPNO;87271007
FRADM;87286542;FRQRV;87342014
FRADM;87286542;FRSUF;87688887
FRADM;87286542;FRTHP;87313882
FRADM;87286542;FRVLA;87763029
FRADM;87286542;FRXSH;87571240
FRADM;87286542;FRXZP;87703975
FRADP;87286732;FRADJ;87286005
FRADP;87286732;FRADM;87286542
FRADP;87286732;FRCKH;87286716
FRADP;87286732;FRPNO;87271007
FRADP;87286732;FRQRV;87342014
FRAEA;87317263;FRLLE;87223263
FRAEA;87317263;FRPNO;87271007
FRAEA;87317263;FRQRV;87342014
FRAEA;87317263;FRSTH;87281071
FRAEB;87317586;FRCVU;87317057
FRAEB;87317586;FRETA;87317065
FRAEB;87317586;FRLLE;87223263
FRAEB;87317586;FRPNO;87271007
FRAEB;87317586;FRQRV;87342014
FRAEB;87317586;FRSTH;87281071
FRAEB;87317586;FRXDN;87345009
FRAEE;87672006;FRACG;87673202
FRAEE;87672006;FRBOJ;87581009
FRAEE;87672006;FRGFI;87672253
FRAEE;87672006;FRLDE;87671339
FRAEE;87672006;FRPMO;87391003
FRAEE;87672006;FRXTB;87671008
FRAEF;87677005;FRACG;87673202
FRAEF;87677005;FRBIQ;87673400
FRAEF;87677005;FRBOJ;87581009
FRAEF;87677005;FRDJU;87393702
FRAEF;87677005;FRPMO;87391003
FRAEF;87677005;FRXBY;87673004
FRAEF;87677005;FRXJZ;87677120
FRAEG;87212027;FRABA;87713040
FRAEG;87212027;FRACL;87484006
FRAEG;87212027;FRACR;87478404
FRAEG;87212027;FRADE;87192039
FRAEG;87212027;FRAEJ;87182014
FRAEG;87212027;FRAEK;87182063
FRAEG;87212027;FRAET;87396002
FRAEG;87212027;FRAIE;87319012
FRAEG;87212027;FRANG;87583005
FRAEG;87212027;FRAVG;87318964
FRAEG;87212027;FRBOJ;87581009
FRAEG;87212027;FRBPA;87191973
FRAEG;87212027;FRBVU;87212910
FRAEG;87212027;FRBZR;87781005
FRAEG;87212027;FRDJU;87393702
FRAEG;87212027;FREAH;87171926
FRAEG;87212027;FREAJ;87147322
FRAEG;87212027;FREAM;87142109
FRAEG;87212027;FRENC;87141002
FRAEG;87212027;FRFNI;87775007
FRAEG;87212027;FRHGU;87725689
FRAEG;87212027;FRJCA;87757625
FRAEG;87212027;FRLLE;87223263
FRAEG;87212027;FRLNE;87141150
FRAEG;87212027;FRLPD;87723197
FRAEG;87212027;FRLPE;87722025
FRAEG;87212027;FRLRH;87485003
FRAEG;87212027;FRLRT;87476002
FRAEG;87212027;FRMLV;87111849
FRAEG;87212027;FRMLW;87271494
FRAEG;87212027;FRMPL;87773002
FRAEG;87212027;FRMSC;87751008
FRAEG;87212027;FRNIC;87756056
FRAEG;87212027;FRNIT;87485300
FRAEG;87212027;FRNTE;87481002
FRAEG;87212027;FRPGF;87784009
FRAEG;87212027;FRPIS;87575001
FRAEG;87212027;FRPLY;87686006
FRAEG;87212027;FRPST;87113001
FRAEG;87212027;FRRNS;87471003
FRAEG;87212027;FRSBG;87215012
FRAEG;87212027;FRSNE;87212225
FRAEG;87212027;FRTHP;87313882
FRAEG;87212027;FRTJA;87300822
FRAEG;87212027;FRTJB;87300863
FRAEG;87212027;FRTLN;87755009
FRAEG;87212027;FRUIP;87474098
FRAEG;87212027;FRVLA;87763029
FRAEG;87212027;FRVNE;87476606
FRAEG;87212027;FRWNH;87218156
FRAEG;87212027;FRXAT;87757674
FRAEG;87212027;FRXBV;87713545
FRAEG;87212027;FRXCD;87725002
FRAEG;87212027;FRXNA;87781104
FRAEG;87212027;FRXRS;87755447
FRAEG;87212027;FRXSH;87571240
FRAEG;87212027;FRXSK;87757526
FRAEG;87212027;FRXSQ;87214056
FRAEG;87212027;FRXSY;87773200
FRAEG;87212027;FRXTH;87191007
FRAEG;87212027;FRXUY;87476200
FRAEJ;87182014;FRABA;87713040
FRAEJ;87182014;FRADE;87192039
FRAEJ;87182014;FRAEG;87212027
FRAEJ;87182014;FRAEK;87182063
FRAEJ;87182014;FRAIE;87319012
FRAEJ;87182014;FRAVG;87318964
FRAEJ;87182014;FRBPA;87191973
FRAEJ;87182014;FRBZR;87781005
FRAEJ;87182014;FREAJ;87147322
FRAEJ;87182014;FREAM;87142109
FRAEJ;87182014;FRENC;87141002
FRAEJ;87182014;FRFNI;87775007
FRAEJ;87182014;FRHGU;87725689
FRAEJ;87182014;FRJCA;87757625
FRAEJ;87182014;FRLPD;87723197
FRAEJ;87182014;FRLPE;87722025
FRAEJ;87182014;FRMPL;87773002
FRAEJ;87182014;FRMSC;87751008
FRAEJ;87182014;FRNIC;87756056
FRAEJ;87182014;FRPGF;87784009
FRAEJ;87182014;FRPST;87113001
FRAEJ;87182014;FRTJA;87300822
FRAEJ;87182014;FRTJB;87300863
FRAEJ;87182014;FRTLN;87755009
FRAEJ;87182014;FRXAT;87757674
FRAEJ;87182014;FRXBV;87713545
FRAEJ;87182014;FRXCD;87725002
FRAEJ;87182014;FRXNA;87781104
FRAEJ;87182014;FRXRS;87755447
FRAEJ;87182014;FRXSK;87757526
FRAEJ;87182014;FRXSQ;87214056
FRAEJ;87182014;FRXSY;87773200
FRAEJ;87182014;FRXTH;87191007
FRAEK;87182063;FRABA;87713040
FRAEK;87182063;FRADE;87192039
FRAEK;87182063;FRAEG;87212027
FRAEK;87182063;FRAEJ;87182014
FRAEK;87182063;FRAIE;87319012
FRAEK;87182063;FRAVG;87318964
FRAEK;87182063;FRBPA;87191973
FRAEK;87182063;FRBVU;87212910
FRAEK;87182063;FRBZR;87781005
FRAEK;87182063;FRENC;87141002
FRAEK;87182063;FRFNI;87775007
FRAEK;87182063;FRGWE;87713131
FRAEK;87182063;FRHGU;87725689
FRAEK;87182063;FRJCA;87757625
FRAEK;87182063;FRLPD;87723197
FRAEK;87182063;FRLPE;87722025
FRAEK;87182063;FRMPL;87773002
FRAEK;87182063;FRMSC;87751008
FRAEK;87182063;FRNIC;87756056
FRAEK;87182063;FRPGF;87784009
FRAEK;87182063;FRPLY;87686006
FRAEK;87182063;FRSTJ;87187930
FRAEK;87182063;FRTJA;87300822
FRAEK;87182063;FRTJB;87300863
FRAEK;87182063;FRTLN;87755009
FRAEK;87182063;FRVLA;87763029
FRAEK;87182063;FRXAT;87757674
FRAEK;87182063;FRXBV;87713545
FRAEK;87182063;FRXCD;87725002
FRAEK;87182063;FRXNA;87781104
FRAEK;87182063;FRXRS;87755447
FRAEK;87182063;FRXSK;87757526
FRAEK;87182063;FRXSY;87773200
FRAEK;87182063;FRXTH;87191007
FRAES;87765008;FRHZA;87753657
FRAES;87765008;FRJDQ;87762906
FRAES;87765008;FRMAZ;87753004
FRAES;87765008;FRPLY;87686006
FRAES;87765008;FRVAF;87761007
FRAES;87765008;FRXMK;87764001
FRAES;87765008;FRXOG;87765107
FRAET;87396002;FRACL;87484006
FRAET;87396002;FRACR;87478404
FRAET;87396002;FRAEG;87212027
FRAET;87396002;FRAIE;87319012
FRAET;87396002;FRAVG;87318964
FRAET;87396002;FRBES;87474007
FRAET;87396002;FRCMF;87741009
FRAET;87396002;FRDJU;87393702
FRAET;87396002;FRDOL;87478073
FRAET;87396002;FREAH;87171926
FRAET;87396002;FREAJ;87147322
FRAET;87396002;FREAM;87142109
FRAET;87396002;FRECO;87476317
FRAET;87396002;FREFN;87481192
FRAET;87396002;FREGR;87481747
FRAET;87396002;FREGS;87481762
FRAET;87396002;FREGU;87481788
FRAET;87396002;FRFNI;87775007
FRAET;87396002;FRGGP;87473207
FRAET;87396002;FRHPG;87741777
FRAET;87396002;FRJEE;87481754
FRAET;87396002;FRLAM;87473108
FRAET;87396002;FRLLE;87223263
FRAET;87396002;FRLPD;87723197
FRAET;87396002;FRLPE;87722025
FRAET;87396002;FRLRT;87476002
FRAET;87396002;FRLSO;87486449
FRAET;87396002;FRMLV;87111849
FRAET;87396002;FRMLW;87271494
FRAET;87396002;FRMPL;87773002
FRAET;87396002;FRMSC;87751008
FRAET;87396002;FRMXN;87474338
FRAET;87396002;FRNTE;87481002
FRAET;87396002;FRPMO;87391003
FRAET;87396002;FRQAI;87741769
FRAET;87396002;FRQBM;87741793
FRAET;87396002;FRQMU;87741728
FRAET;87396002;FRRNS;87471003
FRAET;87396002;FRRSP;87474155
FRAET;87396002;FRSAB;87396408
FRAET;87396002;FRSBK;87473009
FRAET;87396002;FRSNR;87481705
FRAET;87396002;FRTHP;87313882
FRAET;87396002;FRUIP;87474098
FRAET;87396002;FRVLA;87763029
FRAET;87396002;FRVNE;87476606
FRAET;87396002;FRWNH;87218156
FRAET;87396002;FRXAV;87741645
FRAET;87396002;FRXRO;87486019
FRAET;87396002;FRXSB;87478107
FRAET;87396002;FRXUY;87476200
FRAET;87396002;FRXVT;87471508
FRAEZ;87413013;FRAVG;87318964
FRAEZ;87413013;FRDHT;87393009
FRAEZ;87413013;FRLPD;87723197
FRAEZ;87413013;FRMPU;87393579
FRAEZ;87413013;FRMSC;87751008
FRAEZ;87413013;FRMTE;87381509
FRAEZ;87413013;FRURD;87411017
FRAEZ;87413013;FRVLA;87763029
FRAFW;87571000;FRESL;87571216
FRAFW;87571000;FRPIS;87575001
FRAFW;87571000;FRPMO;87391003
FRAFW;87571000;FRTGO;87324095
FRAFW;87571000;FRXCX;87575142
FRAFW;87571000;FRXSH;87571240
FRAGF;87586008;FRANG;87583005
FRAGF;87586008;FRBOJ;87581009
FRAGF;87586008;FRDJU;87393702
FRAGF;87586008;FRESL;87571216
FRAGF;87586008;FRPMO;87391003
FRAGF;87586008;FRXMW;87611244
FRAGF;87586008;FRXYT;87611004
FRAGR;87742007;FRAGR;87742007
FRAGR;87742007;FRCMF;87741009
FRAGR;87742007;FRHOJ;87741306
FRAGR;87742007;FRHPN;87742320
FRAGR;87742007;FRMLT;87725705
FRAGR;87742007;FRPLY;87686006
FRAGR;87742007;FRXVR;87742361
FRAIE;87319012;FRABA;87713040
FRAIE;87319012;FRACR;87478404
FRAIE;87319012;FRADE;87192039
FRAIE;87319012;FRADJ;87286005
FRAIE;87319012;FRADM;87286542
FRAIE;87319012;FRAEG;87212027
FRAIE;87319012;FRAEJ;87182014
FRAIE;87319012;FRAEK;87182063
FRAIE;87319012;FRAET;87396002
FRAIE;87319012;FRAVG;87318964
FRAIE;87319012;FRBPA;87191973
FRAIE;87319012;FRBVU;87212910
FRAIE;87319012;FRDJU;87393702
FRAIE;87319012;FRENC;87141002
FRAIE;87319012;FRHGU;87725689
FRAIE;87319012;FRJCA;87757625
FRAIE;87319012;FRJDQ;87762906
FRAIE;87319012;FRLLE;87223263
FRAIE;87319012;FRLPD;87723197
FRAIE;87319012;FRMLV;87111849
FRAIE;87319012;FRMLW;87271494
FRAIE;87319012;FRMSC;87751008
FRAIE;87319012;FRNIC;87756056
FRAIE;87319012;FRPLY;87686006
FRAIE;87319012;FRQRV;87342014
FRAIE;87319012;FRRNS;87471003
FRAIE;87319012;FRTHP;87313882
FRAIE;87319012;FRTJA;87300822
FRAIE;87319012;FRTJB;87300863
FRAIE;87319012;FRTLN;87755009
FRAIE;87319012;FRVLA;87763029
FRAIE;87319012;FRWNH;87218156
FRAIE;87319012;FRXAT;87757674
FRAIE;87319012;FRXBF;87745000
FRAIE;87319012;FRXBV;87713545
FRAIE;87319012;FRXCD;87725002
FRAIE;87319012;FRXDN;87345009
FRAIE;87319012;FRXRS;87755447
FRAIE;87319012;FRXSK;87757526
FRAIE;87319012;FRXTH;87191007
FRANG;87583005;FRACG;87673202
FRANG;87583005;FRADJ;87286005
FRANG;87583005;FRADM;87286542
FRANG;87583005;FRAEF;87677005
FRANG;87583005;FRAEG;87212027
FRANG;87583005;FRBIQ;87673400
FRANG;87583005;FRBOJ;87581009
FRANG;87583005;FRBVU;87212910
FRANG;87583005;FRDJU;87393702
FRANG;87583005;FREAH;87171926
FRANG;87583005;FREAJ;87147322
FRANG;87583005;FREAM;87142109
FRANG;87583005;FRLLE;87223263
FRANG;87583005;FRMLV;87111849
FRANG;87583005;FRMLW;87271494
FRANG;87583005;FRPIS;87575001
FRANG;87583005;FRPMO;87391003
FRANG;87583005;FRTGO;87324095
FRANG;87583005;FRTHP;87313882
FRANG;87583005;FRXBY;87673004
FRANG;87583005;FRXCX;87575142
FRANG;87583005;FRXJZ;87677120
FRANG;87583005;FRXLR;87584052
FRANG;87583005;FRXSH;87571240
FRAVG;87318964;FRABA;87713040
FRAVG;87318964;FRACR;87478404
FRAVG;87318964;FRADE;87192039
FRAVG;87318964;FRADJ;87286005
FRAVG;87318964;FRADM;87286542
FRAVG;87318964;FRAEG;87212027
FRAVG;87318964;FRAEJ;87182014
FRAVG;87318964;FRAEK;87182063
FRAVG;87318964;FRAET;87396002
FRAVG;87318964;FRAEZ;87413013
FRAVG;87318964;FRAIE;87319012
FRAVG;87318964;FRBPA;87191973
FRAVG;87318964;FRBVU;87212910
FRAVG;87318964;FRDHT;87393009
FRAVG;87318964;FRDJU;87393702
FRAVG;87318964;FRENC;87141002
FRAVG;87318964;FRHGU;87725689
FRAVG;87318964;FRJCA;87757625
FRAVG;87318964;FRJDQ;87762906
FRAVG;87318964;FRLLE;87223263
FRAVG;87318964;FRLPD;87723197
FRAVG;87318964;FRMLV;87111849
FRAVG;87318964;FRMLW;87271494
FRAVG;87318964;FRMPU;87393579
FRAVG;87318964;FRMSC;87751008
FRAVG;87318964;FRMTE;87381509
FRAVG;87318964;FRNIC;87756056
FRAVG;87318964;FRPLY;87686006
FRAVG;87318964;FRQRV;87342014
FRAVG;87318964;FRRNS;87471003
FRAVG;87318964;FRTHP;87313882
FRAVG;87318964;FRTJA;87300822
FRAVG;87318964;FRTJB;87300863
FRAVG;87318964;FRTLN;87755009
FRAVG;87318964;FRURD;87411017
FRAVG;87318964;FRVLA;87763029
FRAVG;87318964;FRWNH;87218156
FRAVG;87318964;FRXAT;87757674
FRAVG;87318964;FRXBF;87745000
FRAVG;87318964;FRXBV;87713545
FRAVG;87318964;FRXCD;87725002
FRAVG;87318964;FRXDN;87345009
FRAVG;87318964;FRXHE;87755629
FRAVG;87318964;FRXRS;87755447
FRAVG;87318964;FRXSK;87757526
FRAVG;87318964;FRXTH;87191007
FRBDT;87172270;FRPST;87113001
FRBDT;87172270;FRRHE;87171009
FRBDT;87172270;FRXCZ;87172007
FRBDT;87172270;FRXSW;87172254
FRBES;87474007;FRACR;87478404
FRBES;87474007;FRGGP;87473207
FRBES;87474007;FRLAM;87473108
FRBES;87474007;FRMXN;87474338
FRBES;87474007;FRPLT;87473181
FRBES;87474007;FRPMO;87391003
FRBES;87474007;FRRNS;87471003
FRBES;87474007;FRSBK;87473009
FRBES;87474007;FRXLD;87474239
FRBFO;87174276;FREAH;87171926
FRBFO;87174276;FRPST;87113001
FRBFO;87174276;FRXBD;87175042
FRBFO;87174276;FRXCR;87174003
FRBIQ;87673400;FRACG;87673202
FRBIQ;87673400;FRAEF;87677005
FRBIQ;87673400;FRBOJ;87581009
FRBIQ;87673400;FRDJU;87393702
FRBIQ;87673400;FRPMO;87391003
FRBIQ;87673400;FRXBY;87673004
FRBIQ;87673400;FRXJZ;87677120
FRBOJ;87581009;FRACG;87673202
FRBOJ;87581009;FRADJ;87286005
FRBOJ;87581009;FRADM;87286542
FRBOJ;87581009;FRAEE;87672006
FRBOJ;87581009;FRAEF;87677005
FRBOJ;87581009;FRAEG;87212027
FRBOJ;87581009;FRAGF;87586008
FRBOJ;87581009;FRANG;87583005
FRBOJ;87581009;FRBIQ;87673400
FRBOJ;87581009;FRBVU;87212910
FRBOJ;87581009;FRDJU;87393702
FRBOJ;87581009;FREAH;87171926
FRBOJ;87581009;FREAJ;87147322
FRBOJ;87581009;FREAM;87142109
FRBOJ;87581009;FRESL;87571216
FRBOJ;87581009;FRFAC;87582478
FRBOJ;87581009;FRFCJ;87582643
FRBOJ;87581009;FRGFI;87672253
FRBOJ;87581009;FRLDE;87671339
FRBOJ;87581009;FRLLE;87223263
FRBOJ;87581009;FRMLV;87111849
FRBOJ;87581009;FRMLW;87271494
FRBOJ;87581009;FRPIS;87575001
FRBOJ;87581009;FRPMO;87391003
FRBOJ;87581009;FRTGO;87324095
FRBOJ;87581009;FRTHP;87313882
FRBOJ;87581009;FRXAC;87582668
FRBOJ;87581009;FRXBY;87673004
FRBOJ;87581009;FRXCX;87575142
FRBOJ;87581009;FRXJZ;87677120
FRBOJ;87581009;FRXLR;87584052
FRBOJ;87581009;FRXMW;87611244
FRBOJ;87581009;FRXSH;87571240
FRBOJ;87581009;FRXTB;87671008
FRBOJ;87581009;FRXYT;87611004
FRBQT;87193003;FRPST;87113001
FRBVU;87212910;FRAEG;87212027
FRBVU;87212910;FRPST;87113001
FRBZR;87781005;FRABA;87713040
FRBZR;87781005;FRAEG;87212027
FRBZR;87781005;FRAEJ;87182014
FRBZR;87781005;FRAEK;87182063
FRBZR;87781005;FRCCF;87615286
FRBZR;87781005;FRFNI;87775007
FRBZR;87781005;FRJDQ;87762906
FRBZR;87781005;FRLLE;87223263
FRBZR;87781005;FRLPD;87723197
FRBZR;87781005;FRMLV;87111849
FRBZR;87781005;FRMLW;87271494
FRBZR;87781005;FRMPL;87773002
FRBZR;87781005;FRPGF;87784009
FRBZR;87781005;FRPLY;87686006
FRBZR;87781005;FRQRV;87342014
FRBZR;87781005;FRSUF;87688887
FRBZR;87781005;FRTHP;87313882
FRBZR;87781005;FRTJA;87300822
FRBZR;87781005;FRTJB;87300863
FRBZR;87781005;FRVLA;87763029
FRBZR;87781005;FRWNH;87218156
FRBZR;87781005;FRXAG;87781278
FRBZR;87781005;FRXCD;87725002
FRBZR;87781005;FRXNA;87781104
FRBZR;87781005;FRXSY;87773200
FRBZR;87781005;FRXYT;87611004
FRBZR;87781005;FRXZP;87703975
FRCCF;87615286;FRBZR;87781005
FRCCF;87615286;FRFNI;87775007
FRCCF;87615286;FRLPD;87723197
FRCCF;87615286;FRMPL;87773002
FRCCF;87615286;FRSUF;87688887
FRCCF;87615286;FRVLA;87763029
FRCCF;87615286;FRXNA;87781104
FRCCF;87615286;FRXSY;87773200
FRCCF;87615286;FRXYT;87611004
FRCCF;87615286;FRXZP;87703975
FRCKH;87286716;FRADJ;87286005
FRCKH;87286716;FRADM;87286542
FRCKH;87286716;FRADP;87286732
FRCKH;87286716;FRPNO;87271007
FRCKH;87286716;FRQRV;87342014
FRCMF;87741009;FRACL;87484006
FRCMF;87741009;FRADJ;87286005
FRCMF;87741009;FRAET;87396002
FRCMF;87741009;FRAGR;87742007
FRCMF;87741009;FRDJU;87393702
FRCMF;87741009;FRHOJ;87741306
FRCMF;87741009;FRHPG;87741777
FRCMF;87741009;FRHPN;87742320
FRCMF;87741009;FRMLT;87725705
FRCMF;87741009;FRMLV;87111849
FRCMF;87741009;FRMLW;87271494
FRCMF;87741009;FRNCY;87746008
FRCMF;87741009;FRNTE;87481002
FRCMF;87741009;FRPLY;87686006
FRCMF;87741009;FRQAI;87741769
FRCMF;87741009;FRQBM;87741793
FRCMF;87741009;FRQMU;87741728
FRCMF;87741009;FRQRV;87342014
FRCMF;87741009;FRRNS;87471003
FRCMF;87741009;FRTHP;87313882
FRCMF;87741009;FRXAI;87741132
FRCMF;87741009;FRXAV;87741645
FRCMF;87741009;FRXDN;87345009
FRCMF;87741009;FRXVR;87742361
FRCVU;87317057;FRAEB;87317586
FRCVU;87317057;FRETA;87317065
FRCVU;87317057;FRLLE;87223263
FRCVU;87317057;FRPNO;87271007
FRCVU;87317057;FRQRV;87342014
FRCVU;87317057;FRSTH;87281071
FRDHT;87393009;FRAEZ;87413013
FRDHT;87393009;FRAVG;87318964
FRDHT;87393009;FRLPD;87723197
FRDHT;87393009;FRMPU;87393579
FRDHT;87393009;FRMSC;87751008
FRDHT;87393009;FRMTE;87381509
FRDHT;87393009;FRURD;87411017
FRDHT;87393009;FRVLA;87763029
FRDJU;87393702;FRACG;87673202
FRDJU;87393702;FRACL;87484006
FRDJU;87393702;FRACN;87487603
FRDJU;87393702;FRACR;87478404
FRDJU;87393702;FRADJ;87286005
FRDJU;87393702;FRADM;87286542
FRDJU;87393702;FRAEE;87672006
FRDJU;87393702;FRAEF;87677005
FRDJU;87393702;FRAEG;87212027
FRDJU;87393702;FRAET;87396002
FRDJU;87393702;FRAGF;87586008
FRDJU;87393702;FRAIE;87319012
FRDJU;87393702;FRANG;87583005
FRDJU;87393702;FRAVG;87318964
FRDJU;87393702;FRBES;87474007
FRDJU;87393702;FRBIQ;87673400
FRDJU;87393702;FRBOJ;87581009
FRDJU;87393702;FRBVU;87212910
FRDJU;87393702;FRCMF;87741009
FRDJU;87393702;FREAH;87171926
FRDJU;87393702;FREAJ;87147322
FRDJU;87393702;FREAM;87142109
FRDJU;87393702;FRECO;87476317
FRDJU;87393702;FREGR;87481747
FRDJU;87393702;FREGS;87481762
FRDJU;87393702;FREGU;87481788
FRDJU;87393702;FRFNI;87775007
FRDJU;87393702;FRGFI;87672253
FRDJU;87393702;FRGGP;87473207
FRDJU;87393702;FRHPG;87741777
FRDJU;87393702;FRJEE;87481754
FRDJU;87393702;FRLAM;87473108
FRDJU;87393702;FRLDE;87671339
FRDJU;87393702;FRLLE;87223263
FRDJU;87393702;FRLPD;87723197
FRDJU;87393702;FRLPE;87722025
FRDJU;87393702;FRLRH;87485003
FRDJU;87393702;FRLRT;87476002
FRDJU;87393702;FRMLV;87111849
FRDJU;87393702;FRMLW;87271494
FRDJU;87393702;FRMPL;87773002
FRDJU;87393702;FRMSC;87751008
FRDJU;87393702;FRMXN;87474338
FRDJU;87393702;FRNIT;87485300
FRDJU;87393702;FRNTE;87481002
FRDJU;87393702;FRPIS;87575001
FRDJU;87393702;FRPMO;87391003
FRDJU;87393702;FRQAI;87741769
FRDJU;87393702;FRQBM;87741793
FRDJU;87393702;FRQMU;87741728
FRDJU;87393702;FRRNS;87471003
FRDJU;87393702;FRRSP;87474155
FRDJU;87393702;FRSBK;87473009
FRDJU;87393702;FRSNR;87481705
FRDJU;87393702;FRSUF;87688887
FRDJU;87393702;FRTHP;87313882
FRDJU;87393702;FRUIP;87474098
FRDJU;87393702;FRVLA;87763029
FRDJU;87393702;FRVNE;87476606
FRDJU;87393702;FRWNH;87218156
FRDJU;87393702;FRXAV;87741645
FRDJU;87393702;FRXBY;87673004
FRDJU;87393702;FRXJZ;87677120
FRDJU;87393702;FRXMW;87611244
FRDJU;87393702;FRXSH;87571240
FRDJU;87393702;FRXTB;87671008
FRDJU;87393702;FRXUY;87476200
FRDJU;87393702;FRXYT;87611004
FRDJU;87393702;FRXZP;87703975
FRDOL;87478073;FRACR;87478404
FRDOL;87478073;FRAET;87396002
FRDOL;87478073;FRPMO;87391003
FRDOL;87478073;FRRNS;87471003
FRDOL;87478073;FRXSB;87478107
FREAH;87171926;FRACL;87484006
FREAH;87171926;FRACR;87478404
FREAH;87171926;FRADE;87192039
FREAH;87171926;FRAEG;87212027
FREAH;87171926;FRAET;87396002
FREAH;87171926;FRANG;87583005
FREAH;87171926;FRBFO;87174276
FREAH;87171926;FRBOJ;87581009
FREAH;87171926;FRBPA;87191973
FREAH;87171926;FRBVU;87212910
FREAH;87171926;FRDJU;87393702
FREAH;87171926;FREAJ;87147322
FREAH;87171926;FREAM;87142109
FREAH;87171926;FRENC;87141002
FREAH;87171926;FREPL;87144006
FREAH;87171926;FRLLE;87223263
FREAH;87171926;FRLNE;87141150
FREAH;87171926;FRLRH;87485003
FREAH;87171926;FRLRT;87476002
FREAH;87171926;FRMLV;87111849
FREAH;87171926;FRMLW;87271494
FREAH;87171926;FRNIT;87485300
FREAH;87171926;FRNTE;87481002
FREAH;87171926;FRPIS;87575001
FREAH;87171926;FRPST;87113001
FREAH;87171926;FRRNS;87471003
FREAH;87171926;FRRNT;87144451
FREAH;87171926;FRSBG;87215012
FREAH;87171926;FRSNE;87212225
FREAH;87171926;FRTHP;87313882
FREAH;87171926;FRUIP;87474098
FREAH;87171926;FRVNE;87476606
FREAH;87171926;FRWNH;87218156
FREAH;87171926;FRXBD;87175042
FREAH;87171926;FRXCR;87174003
FREAH;87171926;FRXSH;87571240
FREAH;87171926;FRXTD;87144014
FREAH;87171926;FRXTH;87191007
FREAH;87171926;FRXUY;87476200
FREAJ;87147322;FRACL;87484006
FREAJ;87147322;FRAEG;87212027
FREAJ;87147322;FRAET;87396002
FREAJ;87147322;FRANG;87583005
FREAJ;87147322;FRBOJ;87581009
FREAJ;87147322;FRBVU;87212910
FREAJ;87147322;FRDJU;87393702
FREAJ;87147322;FREAH;87171926
FREAJ;87147322;FREAM;87142109
FREAJ;87147322;FRENC;87141002
FREAJ;87147322;FREPL;87144006
FREAJ;87147322;FRLLE;87223263
FREAJ;87147322;FRLNE;87141150
FREAJ;87147322;FRLRT;87476002
FREAJ;87147322;FRMLV;87111849
FREAJ;87147322;FRMLW;87271494
FREAJ;87147322;FRNTE;87481002
FREAJ;87147322;FRPIS;87575001
FREAJ;87147322;FRPST;87113001
FREAJ;87147322;FRRNS;87471003
FREAJ;87147322;FRRNT;87144451
FREAJ;87147322;FRSBG;87215012
FREAJ;87147322;FRSNE;87212225
FREAJ;87147322;FRTHP;87313882
FREAJ;87147322;FRUIP;87474098
FREAJ;87147322;FRVNE;87476606
FREAJ;87147322;FRWNH;87218156
FREAJ;87147322;FRXSH;87571240
FREAJ;87147322;FRXTD;87144014
FREAJ;87147322;FRXUY;87476200
FREAM;87142109;FRACL;87484006
FREAM;87142109;FRACR;87478404
FREAM;87142109;FRAEG;87212027
FREAM;87142109;FRAET;87396002
FREAM;87142109;FRANG;87583005
FREAM;87142109;FRBOJ;87581009
FREAM;87142109;FRBVU;87212910
FREAM;87142109;FRDJU;87393702
FREAM;87142109;FREAH;87171926
FREAM;87142109;FREAJ;87147322
FREAM;87142109;FRLLE;87223263
FREAM;87142109;FRLRH;87485003
FREAM;87142109;FRLRT;87476002
FREAM;87142109;FRMLV;87111849
FREAM;87142109;FRMLW;87271494
FREAM;87142109;FRNIT;87485300
FREAM;87142109;FRNTE;87481002
FREAM;87142109;FRPIS;87575001
FREAM;87142109;FRPST;87113001
FREAM;87142109;FRRNS;87471003
FREAM;87142109;FRTHP;87313882
FREAM;87142109;FRUIP;87474098
FREAM;87142109;FRVNE;87476606
FREAM;87142109;FRWNH;87218156
FREAM;87142109;FRXSH;87571240
FREAM;87142109;FRXUY;87476200
FRECO;87476317;FRACR;87478404
FRECO;87476317;FRLRT;87476002
FRECO;87476317;FRPMO;87391003
FRECO;87476317;FRRNS;87471003
FRECO;87476317;FRRSP;87474155
FRECO;87476317;FRUIP;87474098
FRECO;87476317;FRVNE;87476606
FRECO;87476317;FRXRN;87471300
FRECO;87476317;FRXUY;87476200
FREFN;87481192;FRACL;87484006
FREFN;87481192;FREGR;87481747
FREFN;87481192;FREGS;87481762
FREFN;87481192;FREGU;87481788
FREFN;87481192;FRJEE;87481754
FREFN;87481192;FRNTE;87481002
FREFN;87481192;FRPMO;87391003
FREFN;87481192;FRSNR;87481705
FREGR;87481747;FRACL;87484006
FREGR;87481747;FRAET;87396002
FREGR;87481747;FREGS;87481762
FREGR;87481747;FREGU;87481788
FREGR;87481747;FRJEE;87481754
FREGR;87481747;FRNTE;87481002
FREGR;87481747;FRPMO;87391003
FREGR;87481747;FRSNR;87481705
FREGS;87481762;FRACL;87484006
FREGS;87481762;FRAET;87396002
FREGS;87481762;FREGR;87481747
FREGS;87481762;FREGU;87481788
FREGS;87481762;FRJEE;87481754
FREGS;87481762;FRNTE;87481002
FREGS;87481762;FRPMO;87391003
FREGS;87481762;FRSNR;87481705
FREGU;87481788;FRACL;87484006
FREGU;87481788;FRAET;87396002
FREGU;87481788;FREFN;87481192
FREGU;87481788;FREGR;87481747
FREGU;87481788;FREGS;87481762
FREGU;87481788;FRJEE;87481754
FREGU;87481788;FRNTE;87481002
FREGU;87481788;FRPMO;87391003
FREGU;87481788;FRSAB;87396408
FREGU;87481788;FRSNR;87481705
FREIP;87485227;FREJC;87485490
FREIP;87485227;FRLRH;87485003
FREIP;87485227;FRNIT;87485300
FREIP;87485227;FRPIS;87575001
FREIP;87485227;FRPMO;87391003
FREIP;87485227;FRXSH;87571240
FREJC;87485490;FREIP;87485227
FREJC;87485490;FRLRH;87485003
FREJC;87485490;FRNIT;87485300
FREJC;87485490;FRPIS;87575001
FREJC;87485490;FRPMO;87391003
FREJC;87485490;FRXSH;87571240
FRENC;87141002;FRABA;87713040
FRENC;87141002;FRAEG;87212027
FRENC;87141002;FRAEJ;87182014
FRENC;87141002;FRAEK;87182063
FRENC;87141002;FRAIE;87319012
FRENC;87141002;FRAVG;87318964
FRENC;87141002;FREAH;87171926
FRENC;87141002;FREAJ;87147322
FRENC;87141002;FREPL;87144006
FRENC;87141002;FRJCA;87757625
FRENC;87141002;FRLNE;87141150
FRENC;87141002;FRLPD;87723197
FRENC;87141002;FRMSC;87751008
FRENC;87141002;FRNIC;87756056
FRENC;87141002;FRPST;87113001
FRENC;87141002;FRRNT;87144451
FRENC;87141002;FRSBG;87215012
FRENC;87141002;FRSNE;87212225
FRENC;87141002;FRTJA;87300822
FRENC;87141002;FRTJB;87300863
FRENC;87141002;FRTLN;87755009
FRENC;87141002;FRXAT;87757674
FRENC;87141002;FRXBV;87713545
FRENC;87141002;FRXRS;87755447
FRENC;87141002;FRXSK;87757526
FRENC;87141002;FRXTD;87144014
FREPL;87144006;FREAH;87171926
FREPL;87144006;FREAJ;87147322
FREPL;87144006;FRENC;87141002
FREPL;87144006;FRPST;87113001
FREPL;87144006;FRRNT;87144451
FRESL;87571216;FRAFW;87571000
FRESL;87571216;FRANG;87583005
FRESL;87571216;FRBOJ;87581009
FRESL;87571216;FREIP;87485227
FRESL;87571216;FRLRH;87485003
FRESL;87571216;FRNIT;87485300
FRESL;87571216;FRPIS;87575001
FRESL;87571216;FRPMO;87391003
FRESL;87571216;FRTGO;87324095
FRESL;87571216;FRXCX;87575142
FRESL;87571216;FRXSH;87571240
FRETA;87317065;FRAEB;87317586
FRETA;87317065;FRCVU;87317057
FRETA;87317065;FRLLE;87223263
FRETA;87317065;FRPNO;87271007
FRETA;87317065;FRQRV;87342014
FRETA;87317065;FRSTH;87281071
FRFAC;87582478;FRANG;87583005
FRFAC;87582478;FRBOJ;87581009
FRFAC;87582478;FRDJU;87393702
FRFAC;87582478;FRFCJ;87582643
FRFAC;87582478;FRPMO;87391003
FRFAC;87582478;FRXAC;87582668
FRFAC;87582478;FRXSH;87571240
FRFCJ;87582643;FRANG;87583005
FRFCJ;87582643;FRBOJ;87581009
FRFCJ;87582643;FRFAC;87582478
FRFCJ;87582643;FRPMO;87391003
FRFCJ;87582643;FRXAC;87582668
FRFCJ;87582643;FRXSH;87571240
FRFNI;87775007;FRABA;87713040
FRFNI;87775007;FRADE;87192039
FRFNI;87775007;FRADJ;87286005
FRFNI;87775007;FRAEG;87212027
FRFNI;87775007;FRAEJ;87182014
FRFNI;87775007;FRAEK;87182063
FRFNI;87775007;FRBPA;87191973
FRFNI;87775007;FRBZR;87781005
FRFNI;87775007;FRCCF;87615286
FRFNI;87775007;FRHGU;87725689
FRFNI;87775007;FRLLE;87223263
FRFNI;87775007;FRLPD;87723197
FRFNI;87775007;FRMLV;87111849
FRFNI;87775007;FRMLW;87271494
FRFNI;87775007;FRMPL;87773002
FRFNI;87775007;FRPGF;87784009
FRFNI;87775007;FRPLY;87686006
FRFNI;87775007;FRQRV;87342014
FRFNI;87775007;FRTHP;87313882
FRFNI;87775007;FRTJA;87300822
FRFNI;87775007;FRTJB;87300863
FRFNI;87775007;FRVLA;87763029
FRFNI;87775007;FRWNH;87218156
FRFNI;87775007;FRXAG;87781278
FRFNI;87775007;FRXCD;87725002
FRFNI;87775007;FRXNA;87781104
FRFNI;87775007;FRXSY;87773200
FRFNI;87775007;FRXTH;87191007
FRFNI;87775007;FRXYT;87611004
FRFRA;87715136;FRABA;87713040
FRFRA;87715136;FRACE;87713412
FRFRA;87715136;FRMCD;87718833
FRFRA;87715136;FRPLY;87686006
FRGFI;87672253;FRACG;87673202
FRGFI;87672253;FRAEE;87672006
FRGFI;87672253;FRBOJ;87581009
FRGFI;87672253;FRLDE;87671339
FRGFI;87672253;FRPMO;87391003
FRGFI;87672253;FRXTB;87671008
FRGGP;87473207;FRACR;87478404
FRGGP;87473207;FRBES;87474007
FRGGP;87473207;FRLAI;87473223
FRGGP;87473207;FRLAM;87473108
FRGGP;87473207;FRMXN;87474338
FRGGP;87473207;FRPLT;87473181
FRGGP;87473207;FRPMO;87391003
FRGGP;87473207;FRRNS;87471003
FRGGP;87473207;FRSBK;87473009
FRGGP;87473207;FRXLD;87474239
FRGNB;87747006;FRJDQ;87762906
FRGNB;87747006;FRPLY;87686006
FRGNB;87747006;FRQAI;87741769
FRGNB;87747006;FRQBM;87741793
FRGNB;87747006;FRQMU;87741728
FRGNB;87747006;FRXAV;87741645
FRGWE;87713131;FRABA;87713040
FRGWE;87713131;FRABG;87718007
FRGWE;87713131;FRACE;87713412
FRGWE;87713131;FRAEK;87182063
FRGWE;87713131;FRPLY;87686006
FRGWE;87713131;FRTJA;87300822
FRGWE;87713131;FRTJB;87300863
FRHGU;87725689;FRABA;87713040
FRHGU;87725689;FRADE;87192039
FRHGU;87725689;FRAEG;87212027
FRHGU;87725689;FRAEJ;87182014
FRHGU;87725689;FRAEK;87182063
FRHGU;87725689;FRAIE;87319012
FRHGU;87725689;FRAVG;87318964
FRHGU;87725689;FRENC;87141002
FRHGU;87725689;FRFNI;87775007
FRHGU;87725689;FRLPD;87723197
FRHGU;87725689;FRLPE;87722025
FRHGU;87725689;FRMPL;87773002
FRHGU;87725689;FRMSC;87751008
FRHGU;87725689;FRTJA;87300822
FRHGU;87725689;FRTJB;87300863
FRHGU;87725689;FRVLA;87763029
FRHGU;87725689;FRXBV;87713545
FRHHD;87726000;FRLPD;87723197
FRHHD;87726000;FRPLY;87686006
FRHOJ;87741306;FRAGR;87742007
FRHOJ;87741306;FRCMF;87741009
FRHOJ;87741306;FRHPN;87742320
FRHOJ;87741306;FRPLY;87686006
FRHOJ;87741306;FRXVR;87742361
FRHPG;87741777;FRACL;87484006
FRHPG;87741777;FRADJ;87286005
FRHPG;87741777;FRAET;87396002
FRHPG;87741777;FRCMF;87741009
FRHPG;87741777;FRDJU;87393702
FRHPG;87741777;FRMLT;87725705
FRHPG;87741777;FRMLV;87111849
FRHPG;87741777;FRMLW;87271494
FRHPG;87741777;FRNTE;87481002
FRHPG;87741777;FRPLY;87686006
FRHPG;87741777;FRQAI;87741769
FRHPG;87741777;FRQBM;87741793
FRHPG;87741777;FRQMU;87741728
FRHPG;87741777;FRQRV;87342014
FRHPG;87741777;FRRNS;87471003
FRHPG;87741777;FRTHP;87313882
FRHPG;87741777;FRXAV;87741645
FRHPG;87741777;FRXDN;87345009
FRHPN;87742320;FRAGR;87742007
FRHPN;87742320;FRCMF;87741009
FRHPN;87742320;FRHOJ;87741306
FRHPN;87742320;FRMLT;87725705
FRHPN;87742320;FRPLY;87686006
FRHPN;87742320;FRXVR;87742361
FRHQN;87743351;FRPLY;87686006
FRHQN;87743351;FRXBF;87745000
FRHQN;87743351;FRXBK;87743005
FRHTZ;87746370;FRPLY;87686006
FRHTZ;87746370;FRQNJ;87745497
FRHTZ;87746370;FRXBF;87745000
FRHTZ;87746370;FRXGF;87746479
FRHTZ;87746370;FRXSN;87746438
FRHZA;87753657;FRAES;87765008
FRHZA;87753657;FRJDQ;87762906
FRHZA;87753657;FRMAZ;87753004
FRHZA;87753657;FRPLY;87686006
FRHZA;87753657;FRVAF;87761007
FRHZA;87753657;FRXMK;87764001
FRHZA;87753657;FRXOG;87765107
FRHZK;87286302;FRADI;87281006
FRHZK;87286302;FRPNO;87271007
FRHZK;87286302;FRQRV;87342014
FRHZK;87286302;FRXBH;87342006
FRHZK;87286302;FRXLE;87345025
FRJCA;87757625;FRABA;87713040
FRJCA;87757625;FRAEG;87212027
FRJCA;87757625;FRAEJ;87182014
FRJCA;87757625;FRAEK;87182063
FRJCA;87757625;FRAIE;87319012
FRJCA;87757625;FRAVG;87318964
FRJCA;87757625;FRENC;87141002
FRJCA;87757625;FRHGU;87725689
FRJCA;87757625;FRJDQ;87762906
FRJCA;87757625;FRLPD;87723197
FRJCA;87757625;FRMSC;87751008
FRJCA;87757625;FRNIC;87756056
FRJCA;87757625;FRPLY;87686006
FRJCA;87757625;FRTJA;87300822
FRJCA;87757625;FRTJB;87300863
FRJCA;87757625;FRTLN;87755009
FRJCA;87757625;FRVLA;87763029
FRJCA;87757625;FRXAT;87757674
FRJCA;87757625;FRXBV;87713545
FRJCA;87757625;FRXRS;87755447
FRJCA;87757625;FRXSK;87757526
FRJDQ;87762906;FRADJ;87286005
FRJDQ;87762906;FRADM;87286542
FRJDQ;87762906;FRAES;87765008
FRJDQ;87762906;FRAIE;87319012
FRJDQ;87762906;FRAVG;87318964
FRJDQ;87762906;FRBZR;87781005
FRJDQ;87762906;FRFNI;87775007
FRJDQ;87762906;FRGNB;87747006
FRJDQ;87762906;FRHZA;87753657
FRJDQ;87762906;FRMAZ;87753004
FRJDQ;87762906;FRMLV;87111849
FRJDQ;87762906;FRMLW;87271494
FRJDQ;87762906;FRMPL;87773002
FRJDQ;87762906;FRMSC;87751008
FRJDQ;87762906;FRPGF;87784009
FRJDQ;87762906;FRPLY;87686006
FRJDQ;87762906;FRQAI;87741769
FRJDQ;87762906;FRQBM;87741793
FRJDQ;87762906;FRQMU;87741728
FRJDQ;87762906;FRTHP;87313882
FRJDQ;87762906;FRTLN;87755009
FRJDQ;87762906;FRVAF;87761007
FRJDQ;87762906;FRVLA;87763029
FRJDQ;87762906;FRXAG;87781278
FRJDQ;87762906;FRXAV;87741645
FRJDQ;87762906;FRXMK;87764001
FRJDQ;87762906;FRXNA;87781104
FRJDQ;87762906;FRXOG;87765107
FRJDQ;87762906;FRXSY;87773200
FRJEE;87481754;FRACL;87484006
FRJEE;87481754;FRAET;87396002
FRJEE;87481754;FREFN;87481192
FRJEE;87481754;FREGR;87481747
FRJEE;87481754;FREGS;87481762
FRJEE;87481754;FREGU;87481788
FRJEE;87481754;FRNTE;87481002
FRJEE;87481754;FRPMO;87391003
FRJEE;87481754;FRSAB;87396408
FRJEE;87481754;FRSNR;87481705
FRLAI;87473223;FRGGP;87473207
FRLAI;87473223;FRPMO;87391003
FRLAI;87473223;FRRNS;87471003
FRLAI;87473223;FRSBK;87473009
FRLAM;87473108;FRACR;87478404
FRLAM;87473108;FRBES;87474007
FRLAM;87473108;FRGGP;87473207
FRLAM;87473108;FRMXN;87474338
FRLAM;87473108;FRPLT;87473181
FRLAM;87473108;FRPMO;87391003
FRLAM;87473108;FRRNS;87471003
FRLAM;87473108;FRSBK;87473009
FRLAM;87473108;FRXLD;87474239
FRLDE;87671339;FRACG;87673202
FRLDE;87671339;FRAEE;87672006
FRLDE;87671339;FRBOJ;87581009
FRLDE;87671339;FRGFI;87672253
FRLDE;87671339;FRPMO;87391003
FRLDE;87671339;FRXTB;87671008
FRLLE;87223263;FRACL;87484006
FRLLE;87223263;FRACR;87478404
FRLLE;87223263;FRADI;87281006
FRLLE;87223263;FRAEA;87317263
FRLLE;87223263;FRAEB;87317586
FRLLE;87223263;FRAEG;87212027
FRLLE;87223263;FRAET;87396002
FRLLE;87223263;FRAIE;87319012
FRLLE;87223263;FRAVG;87318964
FRLLE;87223263;FRBZR;87781005
FRLLE;87223263;FRCVU;87317057
FRLLE;87223263;FRDJU;87393702
FRLLE;87223263;FREAH;87171926
FRLLE;87223263;FREAJ;87147322
FRLLE;87223263;FREAM;87142109
FRLLE;87223263;FRETA;87317065
FRLLE;87223263;FRFNI;87775007
FRLLE;87223263;FRLPD;87723197
FRLLE;87223263;FRLPE;87722025
FRLLE;87223263;FRMLV;87111849
FRLLE;87223263;FRMLW;87271494
FRLLE;87223263;FRMPL;87773002
FRLLE;87223263;FRMSC;87751008
FRLLE;87223263;FRNTE;87481002
FRLLE;87223263;FRPGF;87784009
FRLLE;87223263;FRPNO;87271007
FRLLE;87223263;FRQAM;87313874
FRLLE;87223263;FRQRV;87342014
FRLLE;87223263;FRRNS;87471003
FRLLE;87223263;FRSTH;87281071
FRLLE;87223263;FRSUF;87688887
FRLLE;87223263;FRTHP;87313882
FRLLE;87223263;FRVLA;87763029
FRLLE;87223263;FRWNH;87218156
FRLLE;87223263;FRXAG;87781278
FRLLE;87223263;FRXDN;87345009
FRLLE;87223263;FRXNA;87781104
FRLLE;87223263;FRXSY;87773200
FRLLE;87223263;FRXZP;87703975
FRLNE;87141150;FRAEG;87212027
FRLNE;87141150;FREAH;87171926
FRLNE;87141150;FREAJ;87147322
FRLNE;87141150;FRENC;87141002
FRLNE;87141150;FRPST;87113001
FRLNE;87141150;FRSBG;87215012
FRLNE;87141150;FRSNE;87212225
FRLNE;87141150;FRXTD;87144014
FRLPD;87723197;FRABA;87713040
FRLPD;87723197;FRACL;87484006
FRLPD;87723197;FRACN;87487603
FRLPD;87723197;FRACR;87478404
FRLPD;87723197;FRADE;87192039
FRLPD;87723197;FRADJ;87286005
FRLPD;87723197;FRAEG;87212027
FRLPD;87723197;FRAEJ;87182014
FRLPD;87723197;FRAEK;87182063
FRLPD;87723197;FRAET;87396002
FRLPD;87723197;FRAEZ;87413013
FRLPD;87723197;FRAIE;87319012
FRLPD;87723197;FRAVG;87318964
FRLPD;87723197;FRBPA;87191973
FRLPD;87723197;FRBVU;87212910
FRLPD;87723197;FRBZR;87781005
FRLPD;87723197;FRCCF;87615286
FRLPD;87723197;FRDHT;87393009
FRLPD;87723197;FRDJU;87393702
FRLPD;87723197;FRENC;87141002
FRLPD;87723197;FRFNI;87775007
FRLPD;87723197;FRHGU;87725689
FRLPD;87723197;FRHHD;87726000
FRLPD;87723197;FRJCA;87757625
FRLPD;87723197;FRLLE;87223263
FRLPD;87723197;FRLPE;87722025
FRLPD;87723197;FRMLT;87725705
FRLPD;87723197;FRMLV;87111849
FRLPD;87723197;FRMLW;87271494
FRLPD;87723197;FRMPL;87773002
FRLPD;87723197;FRMPU;87393579
FRLPD;87723197;FRMSC;87751008
FRLPD;87723197;FRMTE;87381509
FRLPD;87723197;FRNIC;87756056
FRLPD;87723197;FRNTE;87481002
FRLPD;87723197;FRPGF;87784009
FRLPD;87723197;FRPLY;87686006
FRLPD;87723197;FRQRV;87342014
FRLPD;87723197;FRRNS;87471003
FRLPD;87723197;FRSUF;87688887
FRLPD;87723197;FRTHP;87313882
FRLPD;87723197;FRTJA;87300822
FRLPD;87723197;FRTJB;87300863
FRLPD;87723197;FRTLN;87755009
FRLPD;87723197;FRURD;87411017
FRLPD;87723197;FRVLA;87763029
FRLPD;87723197;FRWNH;87218156
FRLPD;87723197;FRXAG;87781278
FRLPD;87723197;FRXAT;87757674
FRLPD;87723197;FRXBF;87745000
FRLPD;87723197;FRXBV;87713545
FRLPD;87723197;FRXCC;87694109
FRLPD;87723197;FRXCD;87725002
FRLPD;87723197;FRXDN;87345009
FRLPD;87723197;FRXNA;87781104
FRLPD;87723197;FRXRS;87755447
FRLPD;87723197;FRXSH;87571240
FRLPD;87723197;FRXSK;87757526
FRLPD;87723197;FRXSY;87773200
FRLPD;87723197;FRXTH;87191007
FRLPD;87723197;FRXYT;87611004
FRLPD;87723197;FRXZP;87703975
FRLPE;87722025;FRABA;87713040
FRLPE;87722025;FRACL;87484006
FRLPE;87722025;FRACR;87478404
FRLPE;87722025;FRADJ;87286005
FRLPE;87722025;FRAEG;87212027
FRLPE;87722025;FRAEK;87182063
FRLPE;87722025;FRAET;87396002
FRLPE;87722025;FRDJU;87393702
FRLPE;87722025;FRLLE;87223263
FRLPE;87722025;FRLPD;87723197
FRLPE;87722025;FRMLT;87725705
FRLPE;87722025;FRMLV;87111849
FRLPE;87722025;FRMLW;87271494
FRLPE;87722025;FRNTE;87481002
FRLPE;87722025;FRPLY;87686006
FRLPE;87722025;FRQRV;87342014
FRLPE;87722025;FRRNS;87471003
FRLPE;87722025;FRTHP;87313882
FRLPE;87722025;FRTJA;87300822
FRLPE;87722025;FRTJB;87300863
FRLPE;87722025;FRWNH;87218156
FRLPE;87722025;FRXCC;87694109
FRLPE;87722025;FRXDN;87345009
FRLPE;87722025;FRXSH;87571240
FRLRH;87485003;FRAEG;87212027
FRLRH;87485003;FRDJU;87393702
FRLRH;87485003;FREAH;87171926
FRLRH;87485003;FREAM;87142109
FRLRH;87485003;FREIP;87485227
FRLRH;87485003;FREJC;87485490
FRLRH;87485003;FRMLV;87111849
FRLRH;87485003;FRMLW;87271494
FRLRH;87485003;FRNIT;87485300
FRLRH;87485003;FRPIS;87575001
FRLRH;87485003;FRPMO;87391003
FRLRH;87485003;FRTGO;87324095
FRLRH;87485003;FRXCX;87575142
FRLRH;87485003;FRXSH;87571240
FRLRT;87476002;FRACR;87478404
FRLRT;87476002;FRAEG;87212027
FRLRT;87476002;FRAET;87396002
FRLRT;87476002;FRDJU;87393702
FRLRT;87476002;FREAH;87171926
FRLRT;87476002;FREAJ;87147322
FRLRT;87476002;FREAM;87142109
FRLRT;87476002;FRECO;87476317
FRLRT;87476002;FRMLV;87111849
FRLRT;87476002;FRMLW;87271494
FRLRT;87476002;FRPMO;87391003
FRLRT;87476002;FRRNS;87471003
FRLRT;87476002;FRRSP;87474155
FRLRT;87476002;FRUIP;87474098
FRLRT;87476002;FRVNE;87476606
FRLRT;87476002;FRXRN;87471300
FRLRT;87476002;FRXUY;87476200
FRLSO;87486449;FRACL;87484006
FRLSO;87486449;FRAET;87396002
FRLSO;87486449;FRNTE;87481002
FRLSO;87486449;FRPMO;87391003
FRLSO;87486449;FRXRO;87486019
FRMAZ;87753004;FRAES;87765008
FRMAZ;87753004;FRHZA;87753657
FRMAZ;87753004;FRJDQ;87762906
FRMAZ;87753004;FRPLY;87686006
FRMAZ;87753004;FRVAF;87761007
FRMAZ;87753004;FRXMK;87764001
FRMAZ;87753004;FRXOG;87765107
FRMCD;87718833;FRABA;87713040
FRMCD;87718833;FRACE;87713412
FRMCD;87718833;FRFRA;87715136
FRMCD;87718833;FRPLY;87686006
FRMLT;87725705;FRAGR;87742007
FRMLT;87725705;FRCMF;87741009
FRMLT;87725705;FRHPN;87742320
FRMLT;87725705;FRLPD;87723197
FRMLT;87725705;FRLPE;87722025
FRMLT;87725705;FRNCY;87746008
FRMLT;87725705;FRPLY;87686006
FRMLT;87725705;FRXAI;87741132
FRMLT;87725705;FRXCC;87694109
FRMLV;87111849;FRACL;87484006
FRMLV;87111849;FRACR;87478404
FRMLV;87111849;FRADJ;87286005
FRMLV;87111849;FRADM;87286542
FRMLV;87111849;FRAEG;87212027
FRMLV;87111849;FRAET;87396002
FRMLV;87111849;FRAIE;87319012
FRMLV;87111849;FRANG;87583005
FRMLV;87111849;FRAVG;87318964
FRMLV;87111849;FRBOJ;87581009
FRMLV;87111849;FRBVU;87212910
FRMLV;87111849;FRBZR;87781005
FRMLV;87111849;FRCMF;87741009
FRMLV;87111849;FRDJU;87393702
FRMLV;87111849;FREAH;87171926
FRMLV;87111849;FREAJ;87147322
FRMLV;87111849;FREAM;87142109
FRMLV;87111849;FRFNI;87775007
FRMLV;87111849;FRHPG;87741777
FRMLV;87111849;FRJDQ;87762906
FRMLV;87111849;FRLLE;87223263
FRMLV;87111849;FRLPD;87723197
FRMLV;87111849;FRLPE;87722025
FRMLV;87111849;FRLRH;87485003
FRMLV;87111849;FRLRT;87476002
FRMLV;87111849;FRMLW;87271494
FRMLV;87111849;FRMPL;87773002
FRMLV;87111849;FRMSC;87751008
FRMLV;87111849;FRNIT;87485300
FRMLV;87111849;FRNTE;87481002
FRMLV;87111849;FRPGF;87784009
FRMLV;87111849;FRPIS;87575001
FRMLV;87111849;FRQAI;87741769
FRMLV;87111849;FRQBM;87741793
FRMLV;87111849;FRQMU;87741728
FRMLV;87111849;FRQRV;87342014
FRMLV;87111849;FRRNS;87471003
FRMLV;87111849;FRSUF;87688887
FRMLV;87111849;FRTHP;87313882
FRMLV;87111849;FRTLN;87755009
FRMLV;87111849;FRUIP;87474098
FRMLV;87111849;FRVLA;87763029
FRMLV;87111849;FRVNE;87476606
FRMLV;87111849;FRWNH;87218156
FRMLV;87111849;FRXAG;87781278
FRMLV;87111849;FRXAV;87741645
FRMLV;87111849;FRXDN;87345009
FRMLV;87111849;FRXNA;87781104
FRMLV;87111849;FRXSH;87571240
FRMLV;87111849;FRXSY;87773200
FRMLV;87111849;FRXUY;87476200
FRMLV;87111849;FRXZP;87703975
FRMLW;87271494;FRACL;87484006
FRMLW;87271494;FRACR;87478404
FRMLW;87271494;FRADJ;87286005
FRMLW;87271494;FRADM;87286542
FRMLW;87271494;FRAEG;87212027
FRMLW;87271494;FRAET;87396002
FRMLW;87271494;FRAIE;87319012
FRMLW;87271494;FRANG;87583005
FRMLW;87271494;FRAVG;87318964
FRMLW;87271494;FRBOJ;87581009
FRMLW;87271494;FRBZR;87781005
FRMLW;87271494;FRCMF;87741009
FRMLW;87271494;FRDJU;87393702
FRMLW;87271494;FREAH;87171926
FRMLW;87271494;FREAJ;87147322
FRMLW;87271494;FREAM;87142109
FRMLW;87271494;FRFNI;87775007
FRMLW;87271494;FRHPG;87741777
FRMLW;87271494;FRJDQ;87762906
FRMLW;87271494;FRLLE;87223263
FRMLW;87271494;FRLPD;87723197
FRMLW;87271494;FRLPE;87722025
FRMLW;87271494;FRLRH;87485003
FRMLW;87271494;FRLRT;87476002
FRMLW;87271494;FRMLV;87111849
FRMLW;87271494;FRMPL;87773002
FRMLW;87271494;FRMSC;87751008
FRMLW;87271494;FRNIT;87485300
FRMLW;87271494;FRNTE;87481002
FRMLW;87271494;FRPGF;87784009
FRMLW;87271494;FRPIS;87575001
FRMLW;87271494;FRQAI;87741769
FRMLW;87271494;FRQBM;87741793
FRMLW;87271494;FRQMU;87741728
FRMLW;87271494;FRQRV;87342014
FRMLW;87271494;FRRNS;87471003
FRMLW;87271494;FRSUF;87688887
FRMLW;87271494;FRTHP;87313882
FRMLW;87271494;FRTLN;87755009
FRMLW;87271494;FRUIP;87474098
FRMLW;87271494;FRVLA;87763029
FRMLW;87271494;FRVNE;87476606
FRMLW;87271494;FRWNH;87218156
FRMLW;87271494;FRXAG;87781278
FRMLW;87271494;FRXAV;87741645
FRMLW;87271494;FRXDN;87345009
FRMLW;87271494;FRXNA;87781104
FRMLW;87271494;FRXSH;87571240
FRMLW;87271494;FRXSY;87773200
FRMLW;87271494;FRXUY;87476200
FRMLW;87271494;FRXZP;87703975
FRMPL;87773002;FRABA;87713040
FRMPL;87773002;FRADE;87192039
FRMPL;87773002;FRADJ;87286005
FRMPL;87773002;FRAEG;87212027
FRMPL;87773002;FRAEJ;87182014
FRMPL;87773002;FRAEK;87182063
FRMPL;87773002;FRBPA;87191973
FRMPL;87773002;FRBZR;87781005
FRMPL;87773002;FRCCF;87615286
FRMPL;87773002;FRFNI;87775007
FRMPL;87773002;FRHGU;87725689
FRMPL;87773002;FRLLE;87223263
FRMPL;87773002;FRLPD;87723197
FRMPL;87773002;FRMLV;87111849
FRMPL;87773002;FRMLW;87271494
FRMPL;87773002;FRPGF;87784009
FRMPL;87773002;FRPLY;87686006
FRMPL;87773002;FRQRV;87342014
FRMPL;87773002;FRTHP;87313882
FRMPL;87773002;FRTJA;87300822
FRMPL;87773002;FRTJB;87300863
FRMPL;87773002;FRVLA;87763029
FRMPL;87773002;FRWNH;87218156
FRMPL;87773002;FRXAG;87781278
FRMPL;87773002;FRXCD;87725002
FRMPL;87773002;FRXNA;87781104
FRMPL;87773002;FRXSY;87773200
FRMPL;87773002;FRXTH;87191007
FRMPL;87773002;FRXYT;87611004
FRMPU;87393579;FRAEZ;87413013
FRMPU;87393579;FRAVG;87318964
FRMPU;87393579;FRDHT;87393009
FRMPU;87393579;FRLPD;87723197
FRMPU;87393579;FRMSC;87751008
FRMPU;87393579;FRMTE;87381509
FRMPU;87393579;FRURD;87411017
FRMPU;87393579;FRVLA;87763029
FRMSC;87751008;FRABA;87713040
FRMSC;87751008;FRACR;87478404
FRMSC;87751008;FRADE;87192039
FRMSC;87751008;FRADJ;87286005
FRMSC;87751008;FRADM;87286542
FRMSC;87751008;FRAEG;87212027
FRMSC;87751008;FRAEJ;87182014
FRMSC;87751008;FRAEK;87182063
FRMSC;87751008;FRAET;87396002
FRMSC;87751008;FRAEZ;87413013
FRMSC;87751008;FRAIE;87319012
FRMSC;87751008;FRAVG;87318964
FRMSC;87751008;FRBPA;87191973
FRMSC;87751008;FRBVU;87212910
FRMSC;87751008;FRDHT;87393009
FRMSC;87751008;FRDJU;87393702
FRMSC;87751008;FRENC;87141002
FRMSC;87751008;FRHGU;87725689
FRMSC;87751008;FRJCA;87757625
FRMSC;87751008;FRJDQ;87762906
FRMSC;87751008;FRLLE;87223263
FRMSC;87751008;FRLPD;87723197
FRMSC;87751008;FRMLV;87111849
FRMSC;87751008;FRMLW;87271494
FRMSC;87751008;FRMPU;87393579
FRMSC;87751008;FRMTE;87381509
FRMSC;87751008;FRNIC;87756056
FRMSC;87751008;FRPLY;87686006
FRMSC;87751008;FRQRV;87342014
FRMSC;87751008;FRRNS;87471003
FRMSC;87751008;FRTHP;87313882
FRMSC;87751008;FRTJA;87300822
FRMSC;87751008;FRTJB;87300863
FRMSC;87751008;FRTLN;87755009
FRMSC;87751008;FRURD;87411017
FRMSC;87751008;FRVLA;87763029
FRMSC;87751008;FRWNH;87218156
FRMSC;87751008;FRXAT;87757674
FRMSC;87751008;FRXBF;87745000
FRMSC;87751008;FRXBV;87713545
FRMSC;87751008;FRXCD;87725002
FRMSC;87751008;FRXDN;87345009
FRMSC;87751008;FRXHE;87755629
FRMSC;87751008;FRXRS;87755447
FRMSC;87751008;FRXSK;87757526
FRMSC;87751008;FRXTH;87191007
FRMTE;87381509;FRAEZ;87413013
FRMTE;87381509;FRAVG;87318964
FRMTE;87381509;FRDHT;87393009
FRMTE;87381509;FRLPD;87723197
FRMTE;87381509;FRMPU;87393579
FRMTE;87381509;FRMSC;87751008
FRMTE;87381509;FRURD;87411017
FRMTE;87381509;FRVLA;87763029
FRMXN;87474338;FRACR;87478404
FRMXN;87474338;FRBES;87474007
FRMXN;87474338;FRGGP;87473207
FRMXN;87474338;FRLAM;87473108
FRMXN;87474338;FRPLT;87473181
FRMXN;87474338;FRPMO;87391003
FRMXN;87474338;FRRNS;87471003
FRMXN;87474338;FRSBK;87473009
FRMXN;87474338;FRXLD;87474239
FRNCY;87746008;FRCMF;87741009
FRNCY;87746008;FRMLT;87725705
FRNCY;87746008;FRPLY;87686006
FRNCY;87746008;FRXAI;87741132
FRNIC;87756056;FRABA;87713040
FRNIC;87756056;FRAEG;87212027
FRNIC;87756056;FRAEJ;87182014
FRNIC;87756056;FRAEK;87182063
FRNIC;87756056;FRAIE;87319012
FRNIC;87756056;FRAVG;87318964
FRNIC;87756056;FRENC;87141002
FRNIC;87756056;FRHGU;87725689
FRNIC;87756056;FRJCA;87757625
FRNIC;87756056;FRJDQ;87762906
FRNIC;87756056;FRLPD;87723197
FRNIC;87756056;FRMSC;87751008
FRNIC;87756056;FRPLY;87686006
FRNIC;87756056;FRTJA;87300822
FRNIC;87756056;FRTJB;87300863
FRNIC;87756056;FRTLN;87755009
FRNIC;87756056;FRVLA;87763029
FRNIC;87756056;FRXAT;87757674
FRNIC;87756056;FRXBV;87713545
FRNIC;87756056;FRXRS;87755447
FRNIC;87756056;FRXSK;87757526
FRNIT;87485300;FRAEG;87212027
FRNIT;87485300;FRDJU;87393702
FRNIT;87485300;FREAH;87171926
FRNIT;87485300;FREAM;87142109
FRNIT;87485300;FREIP;87485227
FRNIT;87485300;FREJC;87485490
FRNIT;87485300;FRLRH;87485003
FRNIT;87485300;FRMLV;87111849
FRNIT;87485300;FRMLW;87271494
FRNIT;87485300;FRPIS;87575001
FRNIT;87485300;FRPMO;87391003
FRNIT;87485300;FRTGO;87324095
FRNIT;87485300;FRXCX;87575142
FRNIT;87485300;FRXSH;87571240
FRNTE;87481002;FRACL;87484006
FRNTE;87481002;FRACN;87487603
FRNTE;87481002;FRAEG;87212027
FRNTE;87481002;FRAET;87396002
FRNTE;87481002;FRAVG;87318964
FRNTE;87481002;FRCMF;87741009
FRNTE;87481002;FRDJU;87393702
FRNTE;87481002;FREAH;87171926
FRNTE;87481002;FREAM;87142109
FRNTE;87481002;FREFN;87481192
FRNTE;87481002;FREGR;87481747
FRNTE;87481002;FREGS;87481762
FRNTE;87481002;FREGU;87481788
FRNTE;87481002;FRHPG;87741777
FRNTE;87481002;FRJEE;87481754
FRNTE;87481002;FRLLE;87223263
FRNTE;87481002;FRLPD;87723197
FRNTE;87481002;FRLPE;87722025
FRNTE;87481002;FRLSO;87486449
FRNTE;87481002;FRMLV;87111849
FRNTE;87481002;FRMLW;87271494
FRNTE;87481002;FRMSC;87751008
FRNTE;87481002;FRPMO;87391003
FRNTE;87481002;FRQAI;87741769
FRNTE;87481002;FRQBM;87741793
FRNTE;87481002;FRQMU;87741728
FRNTE;87481002;FRSAB;87396408
FRNTE;87481002;FRSNR;87481705
FRNTE;87481002;FRSUF;87688887
FRNTE;87481002;FRTHP;87313882
FRNTE;87481002;FRVLA;87763029
FRNTE;87481002;FRWNH;87218156
FRNTE;87481002;FRXAV;87741645
FRNTE;87481002;FRXRO;87486019
FRNTE;87481002;FRXSH;87571240
FRNTE;87481002;FRXZP;87703975
FRPGF;87784009;FRABA;87713040
FRPGF;87784009;FRAEG;87212027
FRPGF;87784009;FRAEJ;87182014
FRPGF;87784009;FRAEK;87182063
FRPGF;87784009;FRBZR;87781005
FRPGF;87784009;FRFNI;87775007
FRPGF;87784009;FRJDQ;87762906
FRPGF;87784009;FRLLE;87223263
FRPGF;87784009;FRLPD;87723197
FRPGF;87784009;FRMLV;87111849
FRPGF;87784009;FRMLW;87271494
FRPGF;87784009;FRMPL;87773002
FRPGF;87784009;FRPGF;87784009
FRPGF;87784009;FRPLY;87686006
FRPGF;87784009;FRQRV;87342014
FRPGF;87784009;FRSUF;87688887
FRPGF;87784009;FRTHP;87313882
FRPGF;87784009;FRTJA;87300822
FRPGF;87784009;FRTJB;87300863
FRPGF;87784009;FRVLA;87763029
FRPGF;87784009;FRWNH;87218156
FRPGF;87784009;FRXAG;87781278
FRPGF;87784009;FRXCD;87725002
FRPGF;87784009;FRXNA;87781104
FRPGF;87784009;FRXSY;87773200
FRPGF;87784009;FRXZP;87703975
FRPIS;87575001;FRACG;87673202
FRPIS;87575001;FRADJ;87286005
FRPIS;87575001;FRADM;87286542
FRPIS;87575001;FRAEF;87677005
FRPIS;87575001;FRAEG;87212027
FRPIS;87575001;FRANG;87583005
FRPIS;87575001;FRBIQ;87673400
FRPIS;87575001;FRBOJ;87581009
FRPIS;87575001;FRBVU;87212910
FRPIS;87575001;FRDJU;87393702
FRPIS;87575001;FREAH;87171926
FRPIS;87575001;FREAJ;87147322
FRPIS;87575001;FREAM;87142109
FRPIS;87575001;FREIP;87485227
FRPIS;87575001;FREJC;87485490
FRPIS;87575001;FRESL;87571216
FRPIS;87575001;FRFAC;87582478
FRPIS;87575001;FRFCJ;87582643
FRPIS;87575001;FRLLE;87223263
FRPIS;87575001;FRLRH;87485003
FRPIS;87575001;FRMLV;87111849
FRPIS;87575001;FRMLW;87271494
FRPIS;87575001;FRNIT;87485300
FRPIS;87575001;FRPMO;87391003
FRPIS;87575001;FRTGO;87324095
FRPIS;87575001;FRTHP;87313882
FRPIS;87575001;FRXAC;87582668
FRPIS;87575001;FRXBY;87673004
FRPIS;87575001;FRXCX;87575142
FRPIS;87575001;FRXJZ;87677120
FRPIS;87575001;FRXLR;87584052
FRPIS;87575001;FRXSH;87571240
FRPLT;87473181;FRACR;87478404
FRPLT;87473181;FRBES;87474007
FRPLT;87473181;FRGGP;87473207
FRPLT;87473181;FRLAI;87473223
FRPLT;87473181;FRLAM;87473108
FRPLT;87473181;FRMXN;87474338
FRPLT;87473181;FRPMO;87391003
FRPLT;87473181;FRRNS;87471003
FRPLT;87473181;FRSBK;87473009
FRPLT;87473181;FRXLD;87474239
FRPLY;87686006;FRABA;87713040
FRPLY;87686006;FRABG;87718007
FRPLY;87686006;FRACE;87713412
FRPLY;87686006;FRAEK;87182063
FRPLY;87686006;FRAES;87765008
FRPLY;87686006;FRAGR;87742007
FRPLY;87686006;FRAIE;87319012
FRPLY;87686006;FRAVG;87318964
FRPLY;87686006;FRBZR;87781005
FRPLY;87686006;FRCMF;87741009
FRPLY;87686006;FRFNI;87775007
FRPLY;87686006;FRFRA;87715136
FRPLY;87686006;FRGNB;87747006
FRPLY;87686006;FRGWE;87713131
FRPLY;87686006;FRHHD;87726000
FRPLY;87686006;FRHOJ;87741306
FRPLY;87686006;FRHPG;87741777
FRPLY;87686006;FRHPN;87742320
FRPLY;87686006;FRHQN;87743351
FRPLY;87686006;FRHTZ;87746370
FRPLY;87686006;FRHZA;87753657
FRPLY;87686006;FRJCA;87757625
FRPLY;87686006;FRJDQ;87762906
FRPLY;87686006;FRLPD;87723197
FRPLY;87686006;FRLPE;87722025
FRPLY;87686006;FRMAZ;87753004
FRPLY;87686006;FRMCD;87718833
FRPLY;87686006;FRMLT;87725705
FRPLY;87686006;FRMPL;87773002
FRPLY;87686006;FRMSC;87751008
FRPLY;87686006;FRNCY;87746008
FRPLY;87686006;FRNIC;87756056
FRPLY;87686006;FRPGF;87784009
FRPLY;87686006;FRQAI;87741769
FRPLY;87686006;FRQBM;87741793
FRPLY;87686006;FRQMU;87741728
FRPLY;87686006;FRQNJ;87745497
FRPLY;87686006;FRSTJ;87187930
FRPLY;87686006;FRSUF;87688887
FRPLY;87686006;FRTJA;87300822
FRPLY;87686006;FRTJB;87300863
FRPLY;87686006;FRTLN;87755009
FRPLY;87686006;FRVAF;87761007
FRPLY;87686006;FRVLA;87763029
FRPLY;87686006;FRXAG;87781278
FRPLY;87686006;FRXAI;87741132
FRPLY;87686006;FRXAT;87757674
FRPLY;87686006;FRXAV;87741645
FRPLY;87686006;FRXBF;87745000
FRPLY;87686006;FRXBK;87743005
FRPLY;87686006;FRXCC;87694109
FRPLY;87686006;FRXEB;87745679
FRPLY;87686006;FRXGF;87746479
FRPLY;87686006;FRXHE;87755629
FRPLY;87686006;FRXMK;87764001
FRPLY;87686006;FRXNA;87781104
FRPLY;87686006;FRXOG;87765107
FRPLY;87686006;FRXRS;87755447
FRPLY;87686006;FRXSK;87757526
FRPLY;87686006;FRXSN;87746438
FRPLY;87686006;FRXSY;87773200
FRPLY;87686006;FRXTS;87745646
FRPLY;87686006;FRXVR;87742361
FRPLY;87686006;FRXZP;87703975
FRPMO;87391003;FRACG;87673202
FRPMO;87391003;FRACL;87484006
FRPMO;87391003;FRACR;87478404
FRPMO;87391003;FRAEE;87672006
FRPMO;87391003;FRAEF;87677005
FRPMO;87391003;FRAET;87396002
FRPMO;87391003;FRAFW;87571000
FRPMO;87391003;FRAGF;87586008
FRPMO;87391003;FRANG;87583005
FRPMO;87391003;FRBES;87474007
FRPMO;87391003;FRBIQ;87673400
FRPMO;87391003;FRBOJ;87581009
FRPMO;87391003;FRDJU;87393702
FRPMO;87391003;FRDOL;87478073
FRPMO;87391003;FRECO;87476317
FRPMO;87391003;FREFN;87481192
FRPMO;87391003;FREGR;87481747
FRPMO;87391003;FREGS;87481762
FRPMO;87391003;FREGU;87481788
FRPMO;87391003;FREIP;87485227
FRPMO;87391003;FREJC;87485490
FRPMO;87391003;FRESL;87571216
FRPMO;87391003;FRFAC;87582478
FRPMO;87391003;FRFCJ;87582643
FRPMO;87391003;FRGFI;87672253
FRPMO;87391003;FRGGP;87473207
FRPMO;87391003;FRJEE;87481754
FRPMO;87391003;FRLAI;87473223
FRPMO;87391003;FRLAM;87473108
FRPMO;87391003;FRLDE;87671339
FRPMO;87391003;FRLRH;87485003
FRPMO;87391003;FRLRT;87476002
FRPMO;87391003;FRLSO;87486449
FRPMO;87391003;FRMXN;87474338
FRPMO;87391003;FRNIT;87485300
FRPMO;87391003;FRNTE;87481002
FRPMO;87391003;FRPIS;87575001
FRPMO;87391003;FRPLT;87473181
FRPMO;87391003;FRRNS;87471003
FRPMO;87391003;FRRSP;87474155
FRPMO;87391003;FRSAB;87396408
FRPMO;87391003;FRSBK;87473009
FRPMO;87391003;FRSNR;87481705
FRPMO;87391003;FRTGO;87324095
FRPMO;87391003;FRUIP;87474098
FRPMO;87391003;FRVNE;87476606
FRPMO;87391003;FRXAC;87582668
FRPMO;87391003;FRXBY;87673004
FRPMO;87391003;FRXCX;87575142
FRPMO;87391003;FRXJZ;87677120
FRPMO;87391003;FRXLD;87474239
FRPMO;87391003;FRXLR;87584052
FRPMO;87391003;FRXMW;87611244
FRPMO;87391003;FRXRN;87471300
FRPMO;87391003;FRXRO;87486019
FRPMO;87391003;FRXSB;87478107
FRPMO;87391003;FRXSH;87571240
FRPMO;87391003;FRXTB;87671008
FRPMO;87391003;FRXUY;87476200
FRPMO;87391003;FRXVT;87471508
FRPMO;87391003;FRXYT;87611004
FRPNO;87271007;FRADI;87281006
FRPNO;87271007;FRADJ;87286005
FRPNO;87271007;FRADM;87286542
FRPNO;87271007;FRADP;87286732
FRPNO;87271007;FRAEA;87317263
FRPNO;87271007;FRAEB;87317586
FRPNO;87271007;FRCKH;87286716
FRPNO;87271007;FRCVU;87317057
FRPNO;87271007;FRETA;87317065
FRPNO;87271007;FRHZK;87286302
FRPNO;87271007;FRLLE;87223263
FRPNO;87271007;FRQRV;87342014
FRPNO;87271007;FRSTH;87281071
FRPNO;87271007;FRXBH;87342006
FRPNO;87271007;FRXDN;87345009
FRPNO;87271007;FRXLE;87345025
FRPNO;87271007;FRXVS;87343004
FRPST;87113001;FRADE;87192039
FRPST;87113001;FRAEG;87212027
FRPST;87113001;FRAEJ;87182014
FRPST;87113001;FRBDT;87172270
FRPST;87113001;FRBFO;87174276
FRPST;87113001;FRBPA;87191973
FRPST;87113001;FRBQT;87193003
FRPST;87113001;FRBVU;87212910
FRPST;87113001;FREAH;87171926
FRPST;87113001;FREAJ;87147322
FRPST;87113001;FREAM;87142109
FRPST;87113001;FRENC;87141002
FRPST;87113001;FREPL;87144006
FRPST;87113001;FRLNE;87141150
FRPST;87113001;FRRHE;87171009
FRPST;87113001;FRRNT;87144451
FRPST;87113001;FRSBG;87215012
FRPST;87113001;FRSNE;87212225
FRPST;87113001;FRXBD;87175042
FRPST;87113001;FRXCR;87174003
FRPST;87113001;FRXCZ;87172007
FRPST;87113001;FRXSQ;87214056
FRPST;87113001;FRXSW;87172254
FRPST;87113001;FRXTD;87144014
FRPST;87113001;FRXTH;87191007
FRQAI;87741769;FRACL;87484006
FRQAI;87741769;FRADJ;87286005
FRQAI;87741769;FRAET;87396002
FRQAI;87741769;FRCMF;87741009
FRQAI;87741769;FRDJU;87393702
FRQAI;87741769;FRGNB;87747006
FRQAI;87741769;FRHPG;87741777
FRQAI;87741769;FRJDQ;87762906
FRQAI;87741769;FRMLT;87725705
FRQAI;87741769;FRMLV;87111849
FRQAI;87741769;FRMLW;87271494
FRQAI;87741769;FRNTE;87481002
FRQAI;87741769;FRPLY;87686006
FRQAI;87741769;FRQBM;87741793
FRQAI;87741769;FRQMU;87741728
FRQAI;87741769;FRQRV;87342014
FRQAI;87741769;FRRNS;87471003
FRQAI;87741769;FRTHP;87313882
FRQAI;87741769;FRXAV;87741645
FRQAI;87741769;FRXDN;87345009
FRQAM;87313874;FRLLE;87223263
FRQAM;87313874;FRQRV;87342014
FRQBM;87741793;FRACL;87484006
FRQBM;87741793;FRADJ;87286005
FRQBM;87741793;FRAET;87396002
FRQBM;87741793;FRCMF;87741009
FRQBM;87741793;FRDJU;87393702
FRQBM;87741793;FRGNB;87747006
FRQBM;87741793;FRHPG;87741777
FRQBM;87741793;FRJDQ;87762906
FRQBM;87741793;FRMLT;87725705
FRQBM;87741793;FRMLV;87111849
FRQBM;87741793;FRMLW;87271494
FRQBM;87741793;FRNTE;87481002
FRQBM;87741793;FRPLY;87686006
FRQBM;87741793;FRQAI;87741769
FRQBM;87741793;FRQMU;87741728
FRQBM;87741793;FRQRV;87342014
FRQBM;87741793;FRRNS;87471003
FRQBM;87741793;FRTHP;87313882
FRQBM;87741793;FRXAV;87741645
FRQBM;87741793;FRXDN;87345009
FRQMU;87741728;FRACL;87484006
FRQMU;87741728;FRADJ;87286005
FRQMU;87741728;FRAET;87396002
FRQMU;87741728;FRCMF;87741009
FRQMU;87741728;FRDJU;87393702
FRQMU;87741728;FRGNB;87747006
FRQMU;87741728;FRHPG;87741777
FRQMU;87741728;FRJDQ;87762906
FRQMU;87741728;FRMLT;87725705
FRQMU;87741728;FRMLV;87111849
FRQMU;87741728;FRMLW;87271494
FRQMU;87741728;FRNTE;87481002
FRQMU;87741728;FRPLY;87686006
FRQMU;87741728;FRQAI;87741769
FRQMU;87741728;FRQBM;87741793
FRQMU;87741728;FRQRV;87342014
FRQMU;87741728;FRRNS;87471003
FRQMU;87741728;FRTHP;87313882
FRQMU;87741728;FRXAV;87741645
FRQMU;87741728;FRXDN;87345009
FRQNJ;87745497;FRHTZ;87746370
FRQNJ;87745497;FRPLY;87686006
FRQNJ;87745497;FRXBF;87745000
FRQNJ;87745497;FRXEB;87745679
FRQNJ;87745497;FRXGF;87746479
FRQNJ;87745497;FRXSN;87746438
FRQNJ;87745497;FRXTS;87745646
FRQRV;87342014;FRACL;87484006
FRQRV;87342014;FRADI;87281006
FRQRV;87342014;FRADJ;87286005
FRQRV;87342014;FRADM;87286542
FRQRV;87342014;FRADP;87286732
FRQRV;87342014;FRAEA;87317263
FRQRV;87342014;FRAEB;87317586
FRQRV;87342014;FRAIE;87319012
FRQRV;87342014;FRANG;87583005
FRQRV;87342014;FRAVG;87318964
FRQRV;87342014;FRBOJ;87581009
FRQRV;87342014;FRCKH;87286716
FRQRV;87342014;FRCMF;87741009
FRQRV;87342014;FRCVU;87317057
FRQRV;87342014;FRDJU;87393702
FRQRV;87342014;FRETA;87317065
FRQRV;87342014;FRHPG;87741777
FRQRV;87342014;FRHZK;87286302
FRQRV;87342014;FRLLE;87223263
FRQRV;87342014;FRLPD;87723197
FRQRV;87342014;FRLPE;87722025
FRQRV;87342014;FRMLV;87111849
FRQRV;87342014;FRMLW;87271494
FRQRV;87342014;FRMSC;87751008
FRQRV;87342014;FRNTE;87481002
FRQRV;87342014;FRPIS;87575001
FRQRV;87342014;FRPNO;87271007
FRQRV;87342014;FRQAI;87741769
FRQRV;87342014;FRQAM;87313874
FRQRV;87342014;FRQBM;87741793
FRQRV;87342014;FRQMU;87741728
FRQRV;87342014;FRSTH;87281071
FRQRV;87342014;FRTHP;87313882
FRQRV;87342014;FRWNH;87218156
FRQRV;87342014;FRXAV;87741645
FRQRV;87342014;FRXBH;87342006
FRQRV;87342014;FRXDN;87345009
FRQRV;87342014;FRXLE;87345025
FRQRV;87342014;FRXSH;87571240
FRQRV;87342014;FRXVS;87343004
FRRHE;87171009;FRBDT;87172270
FRRHE;87171009;FRPST;87113001
FRRHE;87171009;FRXCZ;87172007
FRRHE;87171009;FRXSW;87172254
FRRNS;87471003;FRACR;87478404
FRRNS;87471003;FRAEG;87212027
FRRNS;87471003;FRAET;87396002
FRRNS;87471003;FRAIE;87319012
FRRNS;87471003;FRAVG;87318964
FRRNS;87471003;FRBES;87474007
FRRNS;87471003;FRCMF;87741009
FRRNS;87471003;FRDJU;87393702
FRRNS;87471003;FRDOL;87478073
FRRNS;87471003;FREAH;87171926
FRRNS;87471003;FREAJ;87147322
FRRNS;87471003;FREAM;87142109
FRRNS;87471003;FRECO;87476317
FRRNS;87471003;FRFNI;87775007
FRRNS;87471003;FRGGP;87473207
FRRNS;87471003;FRHPG;87741777
FRRNS;87471003;FRLAI;87473223
FRRNS;87471003;FRLAM;87473108
FRRNS;87471003;FRLLE;87223263
FRRNS;87471003;FRLPD;87723197
FRRNS;87471003;FRLPE;87722025
FRRNS;87471003;FRLRT;87476002
FRRNS;87471003;FRMLV;87111849
FRRNS;87471003;FRMLW;87271494
FRRNS;87471003;FRMPL;87773002
FRRNS;87471003;FRMSC;87751008
FRRNS;87471003;FRMXN;87474338
FRRNS;87471003;FRPLT;87473181
FRRNS;87471003;FRPMO;87391003
FRRNS;87471003;FRQAI;87741769
FRRNS;87471003;FRQBM;87741793
FRRNS;87471003;FRQMU;87741728
FRRNS;87471003;FRRSP;87474155
FRRNS;87471003;FRSBK;87473009
FRRNS;87471003;FRTHP;87313882
FRRNS;87471003;FRUIP;87474098
FRRNS;87471003;FRVLA;87763029
FRRNS;87471003;FRVNE;87476606
FRRNS;87471003;FRWNH;87218156
FRRNS;87471003;FRXAV;87741645
FRRNS;87471003;FRXLD;87474239
FRRNS;87471003;FRXRN;87471300
FRRNS;87471003;FRXSB;87478107
FRRNS;87471003;FRXUY;87476200
FRRNS;87471003;FRXVT;87471508
FRRNT;87144451;FREAH;87171926
FRRNT;87144451;FREAJ;87147322
FRRNT;87144451;FRENC;87141002
FRRNT;87144451;FREPL;87144006
FRRNT;87144451;FRPST;87113001
FRRSP;87474155;FRACR;87478404
FRRSP;87474155;FRECO;87476317
FRRSP;87474155;FRLRT;87476002
FRRSP;87474155;FRPMO;87391003
FRRSP;87474155;FRRNS;87471003
FRRSP;87474155;FRUIP;87474098
FRRSP;87474155;FRVNE;87476606
FRRSP;87474155;FRXRN;87471300
FRRSP;87474155;FRXUY;87476200
FRSAB;87396408;FRACL;87484006
FRSAB;87396408;FRAET;87396002
FRSAB;87396408;FREGU;87481788
FRSAB;87396408;FRJEE;87481754
FRSAB;87396408;FRLSO;87486449
FRSAB;87396408;FRNTE;87481002
FRSAB;87396408;FRPMO;87391003
FRSAB;87396408;FRSNR;87481705
FRSAB;87396408;FRXRO;87486019
FRSBG;87215012;FRADE;87192039
FRSBG;87215012;FRAEG;87212027
FRSBG;87215012;FREAH;87171926
FRSBG;87215012;FREAJ;87147322
FRSBG;87215012;FRENC;87141002
FRSBG;87215012;FRLNE;87141150
FRSBG;87215012;FRPST;87113001
FRSBG;87215012;FRSNE;87212225
FRSBK;87473009;FRACR;87478404
FRSBK;87473009;FRBES;87474007
FRSBK;87473009;FRGGP;87473207
FRSBK;87473009;FRLAI;87473223
FRSBK;87473009;FRLAM;87473108
FRSBK;87473009;FRMXN;87474338
FRSBK;87473009;FRPLT;87473181
FRSBK;87473009;FRPMO;87391003
FRSBK;87473009;FRRNS;87471003
FRSBK;87473009;FRXLD;87474239
FRSNE;87212225;FRADE;87192039
FRSNE;87212225;FRAEG;87212027
FRSNE;87212225;FREAH;87171926
FRSNE;87212225;FREAJ;87147322
FRSNE;87212225;FRENC;87141002
FRSNE;87212225;FRLNE;87141150
FRSNE;87212225;FRPST;87113001
FRSNE;87212225;FRSBG;87215012
FRSNR;87481705;FRACL;87484006
FRSNR;87481705;FRAET;87396002
FRSNR;87481705;FREFN;87481192
FRSNR;87481705;FREGR;87481747
FRSNR;87481705;FREGS;87481762
FRSNR;87481705;FREGU;87481788
FRSNR;87481705;FRJEE;87481754
FRSNR;87481705;FRNTE;87481002
FRSNR;87481705;FRPMO;87391003
FRSNR;87481705;FRSAB;87396408
FRSTH;87281071;FRAEA;87317263
FRSTH;87281071;FRAEB;87317586
FRSTH;87281071;FRCVU;87317057
FRSTH;87281071;FRETA;87317065
FRSTH;87281071;FRLLE;87223263
FRSTH;87281071;FRPNO;87271007
FRSTH;87281071;FRQRV;87342014
FRSTH;87281071;FRSTH;87281071
FRSTH;87281071;FRXDN;87345009
FRSTJ;87187930;FRAEG;87212027
FRSTJ;87187930;FRAEK;87182063
FRSTJ;87187930;FRPLY;87686006
FRSUF;87688887;FRACL;87484006
FRSUF;87688887;FRACN;87487603
FRSUF;87688887;FRADJ;87286005
FRSUF;87688887;FRBZR;87781005
FRSUF;87688887;FRDJU;87393702
FRSUF;87688887;FRJDQ;87762906
FRSUF;87688887;FRLLE;87223263
FRSUF;87688887;FRLPD;87723197
FRSUF;87688887;FRMLV;87111849
FRSUF;87688887;FRMLW;87271494
FRSUF;87688887;FRNTE;87481002
FRSUF;87688887;FRPGF;87784009
FRSUF;87688887;FRPLY;87686006
FRSUF;87688887;FRQRV;87342014
FRSUF;87688887;FRTHP;87313882
FRSUF;87688887;FRVLA;87763029
FRSUF;87688887;FRWNH;87218156
FRSUF;87688887;FRXAG;87781278
FRSUF;87688887;FRXNA;87781104
FRSUF;87688887;FRXSH;87571240
FRSUF;87688887;FRXSY;87773200
FRSUF;87688887;FRXZP;87703975
FRTGO;87324095;FRESL;87571216
FRTGO;87324095;FRPIS;87575001
FRTGO;87324095;FRPMO;87391003
FRTGO;87324095;FRXCX;87575142
FRTGO;87324095;FRXSH;87571240
FRTHP;87313882;FRACL;87484006
FRTHP;87313882;FRACR;87478404
FRTHP;87313882;FRADJ;87286005
FRTHP;87313882;FRADM;87286542
FRTHP;87313882;FRAET;87396002
FRTHP;87313882;FRAIE;87319012
FRTHP;87313882;FRANG;87583005
FRTHP;87313882;FRAVG;87318964
FRTHP;87313882;FRBOJ;87581009
FRTHP;87313882;FRCMF;87741009
FRTHP;87313882;FRDJU;87393702
FRTHP;87313882;FRHPG;87741777
FRTHP;87313882;FRJDQ;87762906
FRTHP;87313882;FRLLE;87223263
FRTHP;87313882;FRLPD;87723197
FRTHP;87313882;FRLPE;87722025
FRTHP;87313882;FRMLV;87111849
FRTHP;87313882;FRMLW;87271494
FRTHP;87313882;FRMSC;87751008
FRTHP;87313882;FRNTE;87481002
FRTHP;87313882;FRPIS;87575001
FRTHP;87313882;FRQAI;87741769
FRTHP;87313882;FRQBM;87741793
FRTHP;87313882;FRQMU;87741728
FRTHP;87313882;FRQRV;87342014
FRTHP;87313882;FRRNS;87471003
FRTHP;87313882;FRVLA;87763029
FRTHP;87313882;FRWNH;87218156
FRTHP;87313882;FRXAV;87741645
FRTHP;87313882;FRXDN;87345009
FRTHP;87313882;FRXSH;87571240
FRTJA;87300822;FRABA;87713040
FRTJA;87300822;FRADE;87192039
FRTJA;87300822;FRAEG;87212027
FRTJA;87300822;FRAEJ;87182014
FRTJA;87300822;FRAEK;87182063
FRTJA;87300822;FRAIE;87319012
FRTJA;87300822;FRAVG;87318964
FRTJA;87300822;FRBPA;87191973
FRTJA;87300822;FRBVU;87212910
FRTJA;87300822;FRBZR;87781005
FRTJA;87300822;FRENC;87141002
FRTJA;87300822;FRFNI;87775007
FRTJA;87300822;FRGWE;87713131
FRTJA;87300822;FRHGU;87725689
FRTJA;87300822;FRJCA;87757625
FRTJA;87300822;FRLPD;87723197
FRTJA;87300822;FRLPE;87722025
FRTJA;87300822;FRMPL;87773002
FRTJA;87300822;FRMSC;87751008
FRTJA;87300822;FRNIC;87756056
FRTJA;87300822;FRPGF;87784009
FRTJA;87300822;FRPLY;87686006
FRTJA;87300822;FRSTJ;87187930
FRTJA;87300822;FRTJB;87300863
FRTJA;87300822;FRTLN;87755009
FRTJA;87300822;FRVLA;87763029
FRTJA;87300822;FRXAT;87757674
FRTJA;87300822;FRXBV;87713545
FRTJA;87300822;FRXCD;87725002
FRTJA;87300822;FRXNA;87781104
FRTJA;87300822;FRXRS;87755447
FRTJA;87300822;FRXSK;87757526
FRTJA;87300822;FRXSY;87773200
FRTJA;87300822;FRXTH;87191007
FRTJB;87300863;FRABA;87713040
FRTJB;87300863;FRABG;87718007
FRTJB;87300863;FRADE;87192039
FRTJB;87300863;FRAEG;87212027
FRTJB;87300863;FRAEJ;87182014
FRTJB;87300863;FRAEK;87182063
FRTJB;87300863;FRAIE;87319012
FRTJB;87300863;FRAVG;87318964
FRTJB;87300863;FRBPA;87191973
FRTJB;87300863;FRBVU;87212910
FRTJB;87300863;FRBZR;87781005
FRTJB;87300863;FRENC;87141002
FRTJB;87300863;FRFNI;87775007
FRTJB;87300863;FRGWE;87713131
FRTJB;87300863;FRHGU;87725689
FRTJB;87300863;FRJCA;87757625
FRTJB;87300863;FRLPD;87723197
FRTJB;87300863;FRLPE;87722025
FRTJB;87300863;FRMPL;87773002
FRTJB;87300863;FRMSC;87751008
FRTJB;87300863;FRNIC;87756056
FRTJB;87300863;FRPGF;87784009
FRTJB;87300863;FRPLY;87686006
FRTJB;87300863;FRTJA;87300822
FRTJB;87300863;FRTLN;87755009
FRTJB;87300863;FRVLA;87763029
FRTJB;87300863;FRXAT;87757674
FRTJB;87300863;FRXBV;87713545
FRTJB;87300863;FRXCD;87725002
FRTJB;87300863;FRXNA;87781104
FRTJB;87300863;FRXRS;87755447
FRTJB;87300863;FRXSK;87757526
FRTJB;87300863;FRXSY;87773200
FRTJB;87300863;FRXTH;87191007
FRTLN;87755009;FRABA;87713040
FRTLN;87755009;FRAEG;87212027
FRTLN;87755009;FRAEJ;87182014
FRTLN;87755009;FRAEK;87182063
FRTLN;87755009;FRAIE;87319012
FRTLN;87755009;FRAVG;87318964
FRTLN;87755009;FRENC;87141002
FRTLN;87755009;FRHGU;87725689
FRTLN;87755009;FRJCA;87757625
FRTLN;87755009;FRJDQ;87762906
FRTLN;87755009;FRLPD;87723197
FRTLN;87755009;FRMLV;87111849
FRTLN;87755009;FRMLW;87271494
FRTLN;87755009;FRMSC;87751008
FRTLN;87755009;FRNIC;87756056
FRTLN;87755009;FRPLY;87686006
FRTLN;87755009;FRTJA;87300822
FRTLN;87755009;FRTJB;87300863
FRTLN;87755009;FRVLA;87763029
FRTLN;87755009;FRXAT;87757674
FRTLN;87755009;FRXBV;87713545
FRTLN;87755009;FRXHE;87755629
FRTLN;87755009;FRXRS;87755447
FRTLN;87755009;FRXSK;87757526
FRUIP;87474098;FRACR;87478404
FRUIP;87474098;FRAEG;87212027
FRUIP;87474098;FRAET;87396002
FRUIP;87474098;FRDJU;87393702
FRUIP;87474098;FREAH;87171926
FRUIP;87474098;FREAJ;87147322
FRUIP;87474098;FREAM;87142109
FRUIP;87474098;FRECO;87476317
FRUIP;87474098;FRLRT;87476002
FRUIP;87474098;FRMLV;87111849
FRUIP;87474098;FRMLW;87271494
FRUIP;87474098;FRPMO;87391003
FRUIP;87474098;FRRNS;87471003
FRUIP;87474098;FRRSP;87474155
FRUIP;87474098;FRVNE;87476606
FRUIP;87474098;FRXRN;87471300
FRUIP;87474098;FRXUY;87476200
FRURD;87411017;FRAEZ;87413013
FRURD;87411017;FRAVG;87318964
FRURD;87411017;FRDHT;87393009
FRURD;87411017;FRLPD;87723197
FRURD;87411017;FRMPU;87393579
FRURD;87411017;FRMSC;87751008
FRURD;87411017;FRMTE;87381509
FRURD;87411017;FRVLA;87763029
FRVAF;87761007;FRAES;87765008
FRVAF;87761007;FRHZA;87753657
FRVAF;87761007;FRJDQ;87762906
FRVAF;87761007;FRMAZ;87753004
FRVAF;87761007;FRPLY;87686006
FRVAF;87761007;FRXMK;87764001
FRVAF;87761007;FRXOG;87765107
FRVLA;87763029;FRABA;87713040
FRVLA;87763029;FRACL;87484006
FRVLA;87763029;FRACN;87487603
FRVLA;87763029;FRADE;87192039
FRVLA;87763029;FRADJ;87286005
FRVLA;87763029;FRAEG;87212027
FRVLA;87763029;FRAEJ;87182014
FRVLA;87763029;FRAEK;87182063
FRVLA;87763029;FRAEZ;87413013
FRVLA;87763029;FRAIE;87319012
FRVLA;87763029;FRAVG;87318964
FRVLA;87763029;FRBPA;87191973
FRVLA;87763029;FRBZR;87781005
FRVLA;87763029;FRCCF;87615286
FRVLA;87763029;FRDHT;87393009
FRVLA;87763029;FRDJU;87393702
FRVLA;87763029;FRFNI;87775007
FRVLA;87763029;FRHGU;87725689
FRVLA;87763029;FRJCA;87757625
FRVLA;87763029;FRLLE;87223263
FRVLA;87763029;FRLPD;87723197
FRVLA;87763029;FRMLV;87111849
FRVLA;87763029;FRMLW;87271494
FRVLA;87763029;FRMPL;87773002
FRVLA;87763029;FRMPU;87393579
FRVLA;87763029;FRMSC;87751008
FRVLA;87763029;FRMTE;87381509
FRVLA;87763029;FRNIC;87756056
FRVLA;87763029;FRNTE;87481002
FRVLA;87763029;FRPGF;87784009
FRVLA;87763029;FRPLY;87686006
FRVLA;87763029;FRQRV;87342014
FRVLA;87763029;FRSUF;87688887
FRVLA;87763029;FRTHP;87313882
FRVLA;87763029;FRTJA;87300822
FRVLA;87763029;FRTJB;87300863
FRVLA;87763029;FRTLN;87755009
FRVLA;87763029;FRURD;87411017
FRVLA;87763029;FRWNH;87218156
FRVLA;87763029;FRXAG;87781278
FRVLA;87763029;FRXAT;87757674
FRVLA;87763029;FRXCD;87725002
FRVLA;87763029;FRXNA;87781104
FRVLA;87763029;FRXRS;87755447
FRVLA;87763029;FRXSH;87571240
FRVLA;87763029;FRXSK;87757526
FRVLA;87763029;FRXSY;87773200
FRVLA;87763029;FRXTH;87191007
FRVLA;87763029;FRXYT;87611004
FRVLA;87763029;FRXZP;87703975
FRVNE;87476606;FRACR;87478404
FRVNE;87476606;FRAEG;87212027
FRVNE;87476606;FRAET;87396002
FRVNE;87476606;FRDJU;87393702
FRVNE;87476606;FREAH;87171926
FRVNE;87476606;FREAJ;87147322
FRVNE;87476606;FREAM;87142109
FRVNE;87476606;FRECO;87476317
FRVNE;87476606;FRLRT;87476002
FRVNE;87476606;FRMLV;87111849
FRVNE;87476606;FRMLW;87271494
FRVNE;87476606;FRPMO;87391003
FRVNE;87476606;FRRNS;87471003
FRVNE;87476606;FRRSP;87474155
FRVNE;87476606;FRUIP;87474098
FRVNE;87476606;FRXRN;87471300
FRVNE;87476606;FRXUY;87476200
FRXAC;87582668;FRANG;87583005
FRXAC;87582668;FRBOJ;87581009
FRXAC;87582668;FRDJU;87393702
FRXAC;87582668;FRFAC;87582478
FRXAC;87582668;FRFCJ;87582643
FRXAC;87582668;FRPMO;87391003
FRXAC;87582668;FRXSH;87571240
FRXAG;87781278;FRBZR;87781005
FRXAG;87781278;FRFNI;87775007
FRXAG;87781278;FRJDQ;87762906
FRXAG;87781278;FRLLE;87223263
FRXAG;87781278;FRLPD;87723197
FRXAG;87781278;FRMLV;87111849
FRXAG;87781278;FRMLW;87271494
FRXAG;87781278;FRMPL;87773002
FRXAG;87781278;FRPGF;87784009
FRXAG;87781278;FRPLY;87686006
FRXAG;87781278;FRQRV;87342014
FRXAG;87781278;FRSUF;87688887
FRXAG;87781278;FRTHP;87313882
FRXAG;87781278;FRVLA;87763029
FRXAG;87781278;FRWNH;87218156
FRXAG;87781278;FRXNA;87781104
FRXAG;87781278;FRXSY;87773200
FRXAG;87781278;FRXZP;87703975
FRXAI;87741132;FRCMF;87741009
FRXAI;87741132;FRMLT;87725705
FRXAI;87741132;FRNCY;87746008
FRXAI;87741132;FRPLY;87686006
FRXAT;87757674;FRABA;87713040
FRXAT;87757674;FRAEG;87212027
FRXAT;87757674;FRAEJ;87182014
FRXAT;87757674;FRAEK;87182063
FRXAT;87757674;FRAIE;87319012
FRXAT;87757674;FRAVG;87318964
FRXAT;87757674;FRENC;87141002
FRXAT;87757674;FRHGU;87725689
FRXAT;87757674;FRJCA;87757625
FRXAT;87757674;FRJDQ;87762906
FRXAT;87757674;FRLPD;87723197
FRXAT;87757674;FRMSC;87751008
FRXAT;87757674;FRNIC;87756056
FRXAT;87757674;FRPLY;87686006
FRXAT;87757674;FRTJA;87300822
FRXAT;87757674;FRTJB;87300863
FRXAT;87757674;FRTLN;87755009
FRXAT;87757674;FRVLA;87763029
FRXAT;87757674;FRXBV;87713545
FRXAT;87757674;FRXRS;87755447
FRXAT;87757674;FRXSK;87757526
FRXAV;87741645;FRACL;87484006
FRXAV;87741645;FRADJ;87286005
FRXAV;87741645;FRAET;87396002
FRXAV;87741645;FRCMF;87741009
FRXAV;87741645;FRDJU;87393702
FRXAV;87741645;FRGNB;87747006
FRXAV;87741645;FRHPG;87741777
FRXAV;87741645;FRJDQ;87762906
FRXAV;87741645;FRMLT;87725705
FRXAV;87741645;FRMLV;87111849
FRXAV;87741645;FRMLW;87271494
FRXAV;87741645;FRNTE;87481002
FRXAV;87741645;FRPLY;87686006
FRXAV;87741645;FRQAI;87741769
FRXAV;87741645;FRQBM;87741793
FRXAV;87741645;FRQMU;87741728
FRXAV;87741645;FRQRV;87342014
FRXAV;87741645;FRRNS;87471003
FRXAV;87741645;FRTHP;87313882
FRXAV;87741645;FRXDN;87345009
FRXBD;87175042;FRBFO;87174276
FRXBD;87175042;FREAH;87171926
FRXBD;87175042;FRPST;87113001
FRXBD;87175042;FRXCR;87174003
FRXBF;87745000;FRAIE;87319012
FRXBF;87745000;FRAVG;87318964
FRXBF;87745000;FRHQN;87743351
FRXBF;87745000;FRHTZ;87746370
FRXBF;87745000;FRLPD;87723197
FRXBF;87745000;FRMSC;87751008
FRXBF;87745000;FRPLY;87686006
FRXBF;87745000;FRQNJ;87745497
FRXBF;87745000;FRXBK;87743005
FRXBF;87745000;FRXEB;87745679
FRXBF;87745000;FRXGF;87746479
FRXBF;87745000;FRXSN;87746438
FRXBF;87745000;FRXTS;87745646
FRXBH;87342006;FRADI;87281006
FRXBH;87342006;FRHZK;87286302
FRXBH;87342006;FRPNO;87271007
FRXBH;87342006;FRQRV;87342014
FRXBH;87342006;FRXLE;87345025
FRXBK;87743005;FRHQN;87743351
FRXBK;87743005;FRPLY;87686006
FRXBK;87743005;FRXBF;87745000
FRXBV;87713545;FRABA;87713040
FRXBV;87713545;FRAEG;87212027
FRXBV;87713545;FRAEJ;87182014
FRXBV;87713545;FRAEK;87182063
FRXBV;87713545;FRAIE;87319012
FRXBV;87713545;FRAVG;87318964
FRXBV;87713545;FRENC;87141002
FRXBV;87713545;FRJCA;87757625
FRXBV;87713545;FRLPD;87723197
FRXBV;87713545;FRMSC;87751008
FRXBV;87713545;FRNIC;87756056
FRXBV;87713545;FRTJA;87300822
FRXBV;87713545;FRTJB;87300863
FRXBV;87713545;FRTLN;87755009
FRXBV;87713545;FRXAT;87757674
FRXBV;87713545;FRXRS;87755447
FRXBV;87713545;FRXSK;87757526
FRXBY;87673004;FRACG;87673202
FRXBY;87673004;FRAEF;87677005
FRXBY;87673004;FRBIQ;87673400
FRXBY;87673004;FRBOJ;87581009
FRXBY;87673004;FRDJU;87393702
FRXBY;87673004;FRPMO;87391003
FRXBY;87673004;FRXJZ;87677120
FRXCC;87694109;FRHHD;87726000
FRXCC;87694109;FRLLE;87223263
FRXCC;87694109;FRLPD;87723197
FRXCC;87694109;FRLPE;87722025
FRXCC;87694109;FRMLT;87725705
FRXCC;87694109;FRMLV;87111849
FRXCC;87694109;FRMLW;87271494
FRXCC;87694109;FRPLY;87686006
FRXCC;87694109;FRWNH;87218156
FRXCD;87725002;FRABA;87713040
FRXCD;87725002;FRADE;87192039
FRXCD;87725002;FRAEG;87212027
FRXCD;87725002;FRAEJ;87182014
FRXCD;87725002;FRAEK;87182063
FRXCD;87725002;FRAIE;87319012
FRXCD;87725002;FRAVG;87318964
FRXCD;87725002;FRBPA;87191973
FRXCD;87725002;FRBVU;87212910
FRXCD;87725002;FRBZR;87781005
FRXCD;87725002;FRFNI;87775007
FRXCD;87725002;FRLPD;87723197
FRXCD;87725002;FRMPL;87773002
FRXCD;87725002;FRMSC;87751008
FRXCD;87725002;FRPGF;87784009
FRXCD;87725002;FRTJA;87300822
FRXCD;87725002;FRTJB;87300863
FRXCD;87725002;FRXNA;87781104
FRXCD;87725002;FRXSY;87773200
FRXCD;87725002;FRXTH;87191007
FRXCR;87174003;FRBFO;87174276
FRXCR;87174003;FREAH;87171926
FRXCR;87174003;FRPST;87113001
FRXCR;87174003;FRXBD;87175042
FRXCX;87575142;FRANG;87583005
FRXCX;87575142;FRBOJ;87581009
FRXCX;87575142;FRESL;87571216
FRXCX;87575142;FRLRH;87485003
FRXCX;87575142;FRNIT;87485300
FRXCX;87575142;FRPIS;87575001
FRXCX;87575142;FRPMO;87391003
FRXCX;87575142;FRTGO;87324095
FRXCX;87575142;FRXSH;87571240
FRXCZ;87172007;FRBDT;87172270
FRXCZ;87172007;FRPST;87113001
FRXCZ;87172007;FRRHE;87171009
FRXCZ;87172007;FRXSW;87172254
FRXDN;87345009;FRACL;87484006
FRXDN;87345009;FRADJ;87286005
FRXDN;87345009;FRANG;87583005
FRXDN;87345009;FRBOJ;87581009
FRXDN;87345009;FRCMF;87741009
FRXDN;87345009;FRDJU;87393702
FRXDN;87345009;FRHPG;87741777
FRXDN;87345009;FRMLV;87111849
FRXDN;87345009;FRMLW;87271494
FRXDN;87345009;FRNTE;87481002
FRXDN;87345009;FRPIS;87575001
FRXDN;87345009;FRPNO;87271007
FRXDN;87345009;FRQAI;87741769
FRXDN;87345009;FRQBM;87741793
FRXDN;87345009;FRQMU;87741728
FRXDN;87345009;FRQRV;87342014
FRXDN;87345009;FRTHP;87313882
FRXDN;87345009;FRXAV;87741645
FRXDN;87345009;FRXSH;87571240
FRXDN;87345009;FRXVS;87343004
FRXEB;87745679;FRPLY;87686006
FRXEB;87745679;FRQNJ;87745497
FRXEB;87745679;FRXBF;87745000
FRXEB;87745679;FRXTS;87745646
FRXGF;87746479;FRHTZ;87746370
FRXGF;87746479;FRPLY;87686006
FRXGF;87746479;FRQNJ;87745497
FRXGF;87746479;FRXBF;87745000
FRXGF;87746479;FRXSN;87746438
FRXHE;87755629;FRAIE;87319012
FRXHE;87755629;FRAVG;87318964
FRXHE;87755629;FRMSC;87751008
FRXHE;87755629;FRPLY;87686006
FRXHE;87755629;FRTLN;87755009
FRXJZ;87677120;FRACG;87673202
FRXJZ;87677120;FRAEF;87677005
FRXJZ;87677120;FRBIQ;87673400
FRXJZ;87677120;FRBOJ;87581009
FRXJZ;87677120;FRDJU;87393702
FRXJZ;87677120;FRPMO;87391003
FRXJZ;87677120;FRXBY;87673004
FRXLD;87474239;FRACR;87478404
FRXLD;87474239;FRBES;87474007
FRXLD;87474239;FRGGP;87473207
FRXLD;87474239;FRLAM;87473108
FRXLD;87474239;FRMXN;87474338
FRXLD;87474239;FRPLT;87473181
FRXLD;87474239;FRPMO;87391003
FRXLD;87474239;FRRNS;87471003
FRXLD;87474239;FRSBK;87473009
FRXLE;87345025;FRADI;87281006
FRXLE;87345025;FRHZK;87286302
FRXLE;87345025;FRPNO;87271007
FRXLE;87345025;FRQRV;87342014
FRXLE;87345025;FRXBH;87342006
FRXLE;87345025;FRXDN;87345009
FRXLE;87345025;FRXVS;87343004
FRXLR;87584052;FRANG;87583005
FRXLR;87584052;FRBOJ;87581009
FRXLR;87584052;FRPIS;87575001
FRXLR;87584052;FRPMO;87391003
FRXLR;87584052;FRXCX;87575142
FRXMK;87764001;FRAES;87765008
FRXMK;87764001;FRHZA;87753657
FRXMK;87764001;FRJDQ;87762906
FRXMK;87764001;FRMAZ;87753004
FRXMK;87764001;FRPLY;87686006
FRXMK;87764001;FRVAF;87761007
FRXMK;87764001;FRXOG;87765107
FRXMW;87611244;FRAGF;87586008
FRXMW;87611244;FRANG;87583005
FRXMW;87611244;FRBOJ;87581009
FRXMW;87611244;FRESL;87571216
FRXMW;87611244;FRPMO;87391003
FRXMW;87611244;FRXYT;87611004
FRXNA;87781104;FRABA;87713040
FRXNA;87781104;FRAEG;87212027
FRXNA;87781104;FRAEJ;87182014
FRXNA;87781104;FRAEK;87182063
FRXNA;87781104;FRBZR;87781005
FRXNA;87781104;FRCCF;87615286
FRXNA;87781104;FRFNI;87775007
FRXNA;87781104;FRJDQ;87762906
FRXNA;87781104;FRLLE;87223263
FRXNA;87781104;FRLPD;87723197
FRXNA;87781104;FRMLV;87111849
FRXNA;87781104;FRMLW;87271494
FRXNA;87781104;FRMPL;87773002
FRXNA;87781104;FRPGF;87784009
FRXNA;87781104;FRPLY;87686006
FRXNA;87781104;FRQRV;87342014
FRXNA;87781104;FRSUF;87688887
FRXNA;87781104;FRTHP;87313882
FRXNA;87781104;FRTJA;87300822
FRXNA;87781104;FRTJB;87300863
FRXNA;87781104;FRVLA;87763029
FRXNA;87781104;FRWNH;87218156
FRXNA;87781104;FRXAG;87781278
FRXNA;87781104;FRXCD;87725002
FRXNA;87781104;FRXSY;87773200
FRXNA;87781104;FRXYT;87611004
FRXNA;87781104;FRXZP;87703975
FRXOG;87765107;FRAES;87765008
FRXOG;87765107;FRHZA;87753657
FRXOG;87765107;FRJDQ;87762906
FRXOG;87765107;FRMAZ;87753004
FRXOG;87765107;FRPLY;87686006
FRXOG;87765107;FRVAF;87761007
FRXOG;87765107;FRXMK;87764001
FRXRN;87471300;FRACR;87478404
FRXRN;87471300;FRAET;87396002
FRXRN;87471300;FRECO;87476317
FRXRN;87471300;FRLRT;87476002
FRXRN;87471300;FRPMO;87391003
FRXRN;87471300;FRRNS;87471003
FRXRN;87471300;FRRSP;87474155
FRXRN;87471300;FRUIP;87474098
FRXRN;87471300;FRVNE;87476606
FRXRN;87471300;FRXUY;87476200
FRXRO;87486019;FRACL;87484006
FRXRO;87486019;FRAET;87396002
FRXRO;87486019;FRLSO;87486449
FRXRO;87486019;FRNTE;87481002
FRXRO;87486019;FRPMO;87391003
FRXRS;87755447;FRABA;87713040
FRXRS;87755447;FRAEG;87212027
FRXRS;87755447;FRAEJ;87182014
FRXRS;87755447;FRAEK;87182063
FRXRS;87755447;FRAIE;87319012
FRXRS;87755447;FRAVG;87318964
FRXRS;87755447;FRENC;87141002
FRXRS;87755447;FRHGU;87725689
FRXRS;87755447;FRJCA;87757625
FRXRS;87755447;FRJDQ;87762906
FRXRS;87755447;FRLPD;87723197
FRXRS;87755447;FRMSC;87751008
FRXRS;87755447;FRNIC;87756056
FRXRS;87755447;FRPLY;87686006
FRXRS;87755447;FRTJA;87300822
FRXRS;87755447;FRTJB;87300863
FRXRS;87755447;FRTLN;87755009
FRXRS;87755447;FRVLA;87763029
FRXRS;87755447;FRXAT;87757674
FRXRS;87755447;FRXBV;87713545
FRXRS;87755447;FRXSK;87757526
FRXSB;87478107;FRACR;87478404
FRXSB;87478107;FRAET;87396002
FRXSB;87478107;FRDOL;87478073
FRXSB;87478107;FRPMO;87391003
FRXSB;87478107;FRRNS;87471003
FRXSH;87571240;FRACL;87484006
FRXSH;87571240;FRACN;87487603
FRXSH;87571240;FRADJ;87286005
FRXSH;87571240;FRADM;87286542
FRXSH;87571240;FRAEG;87212027
FRXSH;87571240;FRAFW;87571000
FRXSH;87571240;FRANG;87583005
FRXSH;87571240;FRAVG;87318964
FRXSH;87571240;FRBOJ;87581009
FRXSH;87571240;FRBVU;87212910
FRXSH;87571240;FRDJU;87393702
FRXSH;87571240;FREAH;87171926
FRXSH;87571240;FREAJ;87147322
FRXSH;87571240;FREAM;87142109
FRXSH;87571240;FREIP;87485227
FRXSH;87571240;FREJC;87485490
FRXSH;87571240;FRESL;87571216
FRXSH;87571240;FRLLE;87223263
FRXSH;87571240;FRLPD;87723197
FRXSH;87571240;FRLPE;87722025
FRXSH;87571240;FRLRH;87485003
FRXSH;87571240;FRMLV;87111849
FRXSH;87571240;FRMLW;87271494
FRXSH;87571240;FRMSC;87751008
FRXSH;87571240;FRNIT;87485300
FRXSH;87571240;FRNTE;87481002
FRXSH;87571240;FRPIS;87575001
FRXSH;87571240;FRPMO;87391003
FRXSH;87571240;FRSUF;87688887
FRXSH;87571240;FRTGO;87324095
FRXSH;87571240;FRTHP;87313882
FRXSH;87571240;FRVLA;87763029
FRXSH;87571240;FRXCX;87575142
FRXSH;87571240;FRXLR;87584052
FRXSH;87571240;FRXZP;87703975
FRXSK;87757526;FRABA;87713040
FRXSK;87757526;FRAEG;87212027
FRXSK;87757526;FRAEJ;87182014
FRXSK;87757526;FRAEK;87182063
FRXSK;87757526;FRAIE;87319012
FRXSK;87757526;FRAVG;87318964
FRXSK;87757526;FRENC;87141002
FRXSK;87757526;FRHGU;87725689
FRXSK;87757526;FRJCA;87757625
FRXSK;87757526;FRLPD;87723197
FRXSK;87757526;FRMSC;87751008
FRXSK;87757526;FRNIC;87756056
FRXSK;87757526;FRPLY;87686006
FRXSK;87757526;FRTJA;87300822
FRXSK;87757526;FRTJB;87300863
FRXSK;87757526;FRTLN;87755009
FRXSK;87757526;FRVLA;87763029
FRXSK;87757526;FRXAT;87757674
FRXSK;87757526;FRXBV;87713545
FRXSK;87757526;FRXRS;87755447
FRXSN;87746438;FRHTZ;87746370
FRXSN;87746438;FRPLY;87686006
FRXSN;87746438;FRQNJ;87745497
FRXSN;87746438;FRXBF;87745000
FRXSN;87746438;FRXGF;87746479
FRXSQ;87214056;FRAEG;87212027
FRXSQ;87214056;FRAEJ;87182014
FRXSQ;87214056;FREAJ;87147322
FRXSQ;87214056;FREAM;87142109
FRXSQ;87214056;FRPST;87113001
FRXSW;87172254;FRBDT;87172270
FRXSW;87172254;FRPST;87113001
FRXSW;87172254;FRRHE;87171009
FRXSW;87172254;FRXCZ;87172007
FRXSY;87773200;FRABA;87713040
FRXSY;87773200;FRAEG;87212027
FRXSY;87773200;FRAEJ;87182014
FRXSY;87773200;FRAEK;87182063
FRXSY;87773200;FRBZR;87781005
FRXSY;87773200;FRCCF;87615286
FRXSY;87773200;FRFNI;87775007
FRXSY;87773200;FRJDQ;87762906
FRXSY;87773200;FRLLE;87223263
FRXSY;87773200;FRLPD;87723197
FRXSY;87773200;FRMLV;87111849
FRXSY;87773200;FRMLW;87271494
FRXSY;87773200;FRMPL;87773002
FRXSY;87773200;FRPGF;87784009
FRXSY;87773200;FRPLY;87686006
FRXSY;87773200;FRQRV;87342014
FRXSY;87773200;FRSUF;87688887
FRXSY;87773200;FRTHP;87313882
FRXSY;87773200;FRTJA;87300822
FRXSY;87773200;FRTJB;87300863
FRXSY;87773200;FRVLA;87763029
FRXSY;87773200;FRWNH;87218156
FRXSY;87773200;FRXAG;87781278
FRXSY;87773200;FRXCD;87725002
FRXSY;87773200;FRXNA;87781104
FRXSY;87773200;FRXYT;87611004
FRXSY;87773200;FRXZP;87703975
FRXTB;87671008;FRACG;87673202
FRXTB;87671008;FRAEE;87672006
FRXTB;87671008;FRBOJ;87581009
FRXTB;87671008;FRGFI;87672253
FRXTB;87671008;FRLDE;87671339
FRXTB;87671008;FRPMO;87391003
FRXTD;87144014;FREAH;87171926
FRXTD;87144014;FREAJ;87147322
FRXTD;87144014;FRENC;87141002
FRXTD;87144014;FRLNE;87141150
FRXTD;87144014;FRPST;87113001
FRXTH;87191007;FRABA;87713040
FRXTH;87191007;FRADE;87192039
FRXTH;87191007;FRAEG;87212027
FRXTH;87191007;FRAEK;87182063
FRXTH;87191007;FRAIE;87319012
FRXTH;87191007;FRAVG;87318964
FRXTH;87191007;FRBPA;87191973
FRXTH;87191007;FREAH;87171926
FRXTH;87191007;FREAJ;87147322
FRXTH;87191007;FRFNI;87775007
FRXTH;87191007;FRHGU;87725689
FRXTH;87191007;FRLPD;87723197
FRXTH;87191007;FRMPL;87773002
FRXTH;87191007;FRMSC;87751008
FRXTH;87191007;FRPST;87113001
FRXTH;87191007;FRTJA;87300822
FRXTH;87191007;FRTJB;87300863
FRXTH;87191007;FRVLA;87763029
FRXTS;87745646;FRPLY;87686006
FRXTS;87745646;FRQNJ;87745497
FRXTS;87745646;FRXBF;87745000
FRXTS;87745646;FRXEB;87745679
FRXUY;87476200;FRACR;87478404
FRXUY;87476200;FRAEG;87212027
FRXUY;87476200;FRAET;87396002
FRXUY;87476200;FRDJU;87393702
FRXUY;87476200;FREAH;87171926
FRXUY;87476200;FREAJ;87147322
FRXUY;87476200;FREAM;87142109
FRXUY;87476200;FRECO;87476317
FRXUY;87476200;FRLRT;87476002
FRXUY;87476200;FRMLV;87111849
FRXUY;87476200;FRMLW;87271494
FRXUY;87476200;FRPMO;87391003
FRXUY;87476200;FRRNS;87471003
FRXUY;87476200;FRRSP;87474155
FRXUY;87476200;FRUIP;87474098
FRXUY;87476200;FRVNE;87476606
FRXUY;87476200;FRXRN;87471300
FRXVR;87742361;FRAGR;87742007
FRXVR;87742361;FRCMF;87741009
FRXVR;87742361;FRHOJ;87741306
FRXVR;87742361;FRHPN;87742320
FRXVR;87742361;FRPLY;87686006
FRXVS;87343004;FRPNO;87271007
FRXVS;87343004;FRQRV;87342014
FRXVS;87343004;FRXDN;87345009
FRXVT;87471508;FRACR;87478404
FRXVT;87471508;FRAET;87396002
FRXVT;87471508;FRDOL;87478073
FRXVT;87471508;FRLRT;87476002
FRXVT;87471508;FRPMO;87391003
FRXVT;87471508;FRRNS;87471003
FRXVT;87471508;FRVNE;87476606
FRXVT;87471508;FRXSB;87478107
FRXVT;87471508;FRXUY;87476200
FRXYT;87611004;FRAGF;87586008
FRXYT;87611004;FRANG;87583005
FRXYT;87611004;FRBOJ;87581009
FRXYT;87611004;FRBZR;87781005
FRXYT;87611004;FRCCF;87615286
FRXYT;87611004;FRDJU;87393702
FRXYT;87611004;FRESL;87571216
FRXYT;87611004;FRFNI;87775007
FRXYT;87611004;FRLPD;87723197
FRXYT;87611004;FRMPL;87773002
FRXYT;87611004;FRPMO;87391003
FRXYT;87611004;FRSUF;87688887
FRXYT;87611004;FRVLA;87763029
FRXYT;87611004;FRXMW;87611244
FRXYT;87611004;FRXNA;87781104
FRXYT;87611004;FRXSY;87773200
FRXYT;87611004;FRXZP;87703975
FRXZP;87703975;FRACL;87484006
FRXZP;87703975;FRACN;87487603
FRXZP;87703975;FRADJ;87286005
FRXZP;87703975;FRBZR;87781005
FRXZP;87703975;FRDJU;87393702
FRXZP;87703975;FRJDQ;87762906
FRXZP;87703975;FRLLE;87223263
FRXZP;87703975;FRLPD;87723197
FRXZP;87703975;FRMLV;87111849
FRXZP;87703975;FRMLW;87271494
FRXZP;87703975;FRNTE;87481002
FRXZP;87703975;FRPGF;87784009
FRXZP;87703975;FRPLY;87686006
FRXZP;87703975;FRQRV;87342014
FRXZP;87703975;FRSUF;87688887
FRXZP;87703975;FRTHP;87313882
FRXZP;87703975;FRVLA;87763029
FRXZP;87703975;FRWNH;87218156
FRXZP;87703975;FRXAG;87781278
FRXZP;87703975;FRXNA;87781104
FRXZP;87703975;FRXSH;87571240
FRXZP;87703975;FRXSY;87773200
